Home,Away,Rodada,prob_PB,prob_PD_gol,prob_PD_gol_FinC_RB,prob_PD_gol_Fina_RB,prob_PD_gol_FinC,prob_PD_gol_Fina,prob_DC,prob_binpo_log,prob_binpo_p,prob_PB_placar,prob_PD_gol_placar,prob_PD_gol_FinC_placar,prob_PD_gol_Fina_placar,prob_DC_placar,prob_binpo_log_placar,prob_binpo_p_placar,Defi_PB,RPS_PB,Defi_PD_gol,RPS_PD_gol,Defi_PD_gol_FinC_RB,RPS_PD_gol_FinC_RB,Defi_PD_gol_Fina_RB,RPS_PD_gol_Fina_RB,Defi_PD_gol_FinC,RPS_PD_gol_FinC,Defi_PD_gol_Fina,RPS_PD_gol_Fina,Defi_DC,RPS_DC,Defi_binpo_log,RPS_binpo_log,Defi_binpo_p,RPS_binpo_p,Defi_palp_br,RPS_palp_br
Flamengo,Santos,26,[0.4146 0.3107 0.2746],[0.35   0.3121 0.3379],[0.349 0.313 0.338],[0.3568 0.3138 0.3294],[0.3463 0.3123 0.3414],[0.3531 0.313  0.3339],[0.3291 0.2357 0.435 ],[0.368  0.2739 0.358 ],[0.2996 0.2888 0.4116],0.1069,0.13632176897277332,0.1374116863434894,0.13597323607853024,0.11484832415257877,0.10545717466038408,0.13407396446841338,0.7946328100000001,0.34897663000000007,0.65828282,0.28043820499999994,0.6580139999999999,0.28002249999999995,0.67548104,0.2885053000000001,0.6512089400000001,0.27683882500000007,0.6663378200000001,0.28418441000000005,0.4830862999999999,0.21365294499999998,0.62260921,0.27372980999999996,0.5193801600000001,0.21798736000000002,0.91675802,0.424708885
Fluminense,Bahia,26,[0.6709 0.2275 0.101 ],[0.6611 0.2224 0.116 ],[0.6448 0.23   0.1248],[0.6717 0.2167 0.111 ],[0.6421 0.2317 0.1258],[0.6694 0.2183 0.1118],[0.5695 0.2158 0.2142],[0.7574 0.1619 0.0782],[0.6956 0.1951 0.1081],0.0946,0.09806224368681418,0.10194430272607424,0.09627915044662079,0.10205917366844913,0.07569146615247851,0.09085752177787638,1.05706406,0.23021486500000002,1.05517097,0.225312855,1.02424208,0.21572112000000002,1.07706078,0.23181790499999996,1.01840294,0.214109505,1.0716504900000001,0.23035394999999997,0.98518153,0.18521329499999997,1.28218161,0.29008674999999995,1.14340898,0.247903645,0.8609580199999999,0.156308885
Coritiba,Atlético-PR,26,[0.5835 0.2661 0.1501],[0.5343 0.2629 0.2027],[0.5234 0.2656 0.2109],[0.5469 0.2573 0.1956],[0.5192 0.2682 0.2125],[0.5418 0.2605 0.1975],[0.5028 0.23   0.2669],[0.5183 0.2379 0.2434],[0.4469 0.2845 0.2685],0.1664,0.1499378903595292,0.1500632334602824,0.150428304467575,0.1270984492177342,0.10172363216590882,0.14089230491742444,0.26681147,0.09804625,0.32708019,0.12900217,0.34216973,0.13583428500000003,0.30976225999999996,0.12181864499999999,0.34825613,0.13818370500000002,0.31681374000000007,0.12451628500000002,0.37134345,0.159301885,0.34787486,0.14573674500000003,0.4589521099999999,0.18903278999999992,0.36215801999999997,0.147408885
Vitória,Botafogo,26,[0.5114 0.2884 0.2001],[0.4861 0.2715 0.2423],[0.468  0.2775 0.2545],[0.4849 0.27   0.245 ],[0.4729 0.2766 0.2504],[0.4917 0.2686 0.2396],[0.4156 0.2365 0.3478],[0.3664 0.2651 0.3684],[0.4475 0.2765 0.2759],0.09,0.08875949578787957,0.08695654925544866,0.08970481582040024,0.0863396500849457,0.08119812708807014,0.08633308497784245,0.36194453000000004,0.13940500500000003,0.39651475,0.16142549,0.4248005,0.173897125,0.39825301,0.162701015,0.41704213,0.170292335,0.38792300999999996,0.15791249499999999,0.51842045,0.23127889000000001,0.6074455299999999,0.26862061,0.45782931,0.19071613,0.36215801999999997,0.147408885
Grêmio,São Paulo,26,[0.5715 0.3174 0.1111],[0.5239 0.2972 0.1789],[0.5253 0.2952 0.1794],[0.525  0.2973 0.1777],[0.5246 0.2952 0.1801],[0.524  0.2974 0.1785],[0.4938 0.2531 0.253 ],[0.4556 0.2578 0.2864],[0.1925 0.2557 0.5517],0.068,0.09366549686895186,0.09316767423615947,0.09367972985934779,0.1062921650796988,0.08230569799751303,0.1481368361684116,1.21749822,0.55837773,1.0370042599999998,0.4743382100000001,1.03646749,0.474580175,1.04018958,0.475901145,1.0345842099999998,0.473638605,1.03788501,0.47463698500000007,0.86590705,0.40084903000000005,0.78325716,0.35825548,0.30341163,0.11896974999999999,0.91675802,0.424708885
Corinthians,Sport,26,[0.5937 0.3152 0.091 ],[0.6103 0.2799 0.1097],[0.6063 0.2804 0.1132],[0.6123 0.2797 0.1079],[0.6075 0.2794 0.113 ],[0.6139 0.2784 0.1076],[0.5493 0.2583 0.1923],[0.6588 0.234  0.1069],[0.4807 0.3291 0.1901],0.0559,0.07149577334909132,0.07091928690507719,0.07249744969844932,0.05560013011082777,0.08769348205251863,0.040932995401127464,0.27271173,0.086689455,0.24224419000000003,0.08196107000000002,0.24643809000000003,0.08391829500000003,0.24018579000000004,0.08098765000000002,0.24488960999999995,0.08342393499999998,0.23815753,0.08033625500000001,0.30682866999999997,0.12007413,0.18260105,0.06395468499999998,0.41411731,0.15292426999999997,0.36215801999999997,0.147408885
Cruzeiro,Internacional,26,[0.6172 0.2323 0.1498],[0.6201 0.2139 0.1651],[0.6245 0.2104 0.1641],[0.6253 0.2131 0.1607],[0.6223 0.2109 0.1658],[0.6225 0.2139 0.1627],[0.5167 0.2081 0.2745],[0.6526 0.1866 0.1582],[0.5395 0.2431 0.217 ],0.0982,0.09879735731976601,0.0991350058270799,0.09860973241601831,0.09590554866235561,0.09741725872217288,0.09650082003173367,0.22293917000000002,0.08459329000000003,0.21733523,0.08594041000000001,0.21219721999999996,0.08412962999999997,0.21163619000000003,0.08325773,0.21462574000000004,0.08524026500000002,0.21473075,0.08463600999999997,0.35223475,0.15465720999999996,0.18053356000000004,0.07327508000000002,0.31824686,0.12966158500000002,0.36215801999999997,0.147408885
Criciúma,Atlético-MG,26,[0.1815 0.3482 0.4703],[0.1907 0.3049 0.5043],[0.1803 0.3041 0.5156],[0.188  0.3047 0.5073],[0.1853 0.3053 0.5093],[0.1944 0.306  0.4995],[0.1721 0.223  0.6046],[0.1991 0.2499 0.5507],[0.1838 0.2895 0.5266],0.0072,0.007803922943884193,0.007292366487241338,0.00805643447732847,0.009409373893098115,0.014171900541402108,0.008279288019585006,1.0123675799999998,0.44556217,1.00224899,0.45469293000000005,1.03022826,0.468875725,1.00953938,0.458348645,1.0163306699999999,0.46161223,0.9921276099999999,0.44929576500000007,1.10068857,0.5256612549999999,1.0071613099999999,0.4725209499999999,1.02730025,0.4717976700000001,0.36215801999999997,0.147408885
Palmeiras,Chapecoense,26,[0.3687 0.3327 0.2986],[0.3916 0.3104 0.2979],[0.3876 0.3109 0.3015],[0.3949 0.3113 0.2938],[0.3885 0.3102 0.3013],[0.3959 0.3103 0.2937],[0.3079 0.2398 0.4522],[0.4508 0.262  0.2871],[0.3979 0.3273 0.2748],0.0043,0.003049249288810342,0.003052034030694694,0.0030709100427629282,0.005100029955354912,0.008714561489568147,0.0021762416670344027,0.5983909399999999,0.24385082499999997,0.55524313,0.22947728500000006,0.56259482,0.23296800500000003,0.54937214,0.226232225,0.56093798,0.23235696999999997,0.5474825900000001,0.22562763000000008,0.74099129,0.34178885499999995,0.45269105000000004,0.19205224500000004,0.54516474,0.21901972500000005,0.36215801999999997,0.147408885
Goiás,Figueirense,26,[0.5543 0.2665 0.179 ],[0.554  0.2699 0.176 ],[0.5504 0.2718 0.1776],[0.5649 0.2645 0.1705],[0.5458 0.2742 0.18  ],[0.5591 0.2673 0.1734],[0.4649 0.2284 0.3065],[0.5107 0.28   0.2092],[0.3905 0.3016 0.3078],0.1488,0.1731887783076776,0.17466428226094352,0.17236863651702483,0.11172530441877357,0.16320971432319534,0.1413631556254255,0.30171174,0.115380585,0.30273800999999995,0.11496360999999997,0.30755716,0.11687652,0.28834251000000005,0.10920819000000002,0.31388328,0.11934882000000002,0.29590965999999996,0.11226490499999998,0.43244082,0.19019847,0.36157912999999997,0.14161049499999995,0.5571936499999999,0.23314633499999998,0.36215801999999997,0.147408885
Botafogo,Palmeiras,27,[0.6733 0.2177 0.1082],[0.6612 0.2106 0.1274],[0.6596 0.2126 0.1271],[0.6624 0.2106 0.1262],[0.6584 0.2126 0.1283],[0.661  0.2105 0.1276],[0.5866 0.2047 0.208 ],[0.6505 0.1992 0.1488],[0.393  0.2987 0.3083],0.0472,0.051700580262303404,0.05259383954087262,0.05168878810458473,0.06845382543679908,0.04519420573624295,0.11881997757941969,1.29603342,0.6236072650000001,1.24296856,0.5986106600000001,1.24222533,0.597902745,1.24665256,0.6004517,1.23855021,0.5960660249999999,1.2423130100000002,0.59821703,1.0132656500000001,0.48512787000000007,1.1873723299999999,0.5725712949999999,0.72211958,0.316448945,0.91675802,0.424708885
Fluminense,Atlético-MG,27,[0.5933 0.2306 0.1753],[0.5904 0.2196 0.1891],[0.5663 0.2275 0.2056],[0.5886 0.2214 0.1893],[0.5734 0.2246 0.2013],[0.5975 0.2176 0.184 ],[0.4775 0.2073 0.3144],[0.6827 0.1639 0.147 ],[0.5913 0.2141 0.1935],0.0647,0.05553598737657076,0.05656949405998865,0.0552843333750322,0.028082732137169986,0.021039826062598146,0.04842182446348405,0.97471134,0.19150837,0.99335513,0.192336485,0.9597233000000001,0.181607245,0.9885024099999999,0.191275225,0.9705544100000001,0.18479602500000003,1.00301201,0.19559753500000002,0.9552269,0.163678965,1.1867515000000002,0.24482590499999998,1.00471675,0.19375303,0.8609580199999999,0.156308885
São Paulo,Atlético-PR,27,[0.7611 0.1443 0.0872],[0.7209 0.1552 0.1177],[0.7098 0.1602 0.1245],[0.7321 0.1495 0.1112],[0.7062 0.1622 0.1264],[0.728  0.152  0.1134],[0.6251 0.1702 0.2009],[0.7164 0.1433 0.1278],[0.675  0.1843 0.1384],0.0763,0.06807697724023745,0.07071038251546474,0.06726094901814812,0.06384857229978451,0.0415190265397017,0.09366937929481757,0.08549954,0.033038565,0.11583714000000002,0.04664323000000001,0.12538033,0.050573145,0.10648610000000003,0.042920405000000016,0.12860423999999998,0.05183201999999997,0.10994756000000001,0.04421378,0.20987886,0.09123327,0.11729668999999998,0.05013464999999999,0.15874604999999994,0.06271338999999997,0.36215801999999997,0.147408885
Santos,Bahia,27,[0.5868 0.2874 0.1257],[0.5799 0.2799 0.1402],[0.5659 0.2872 0.1469],[0.5893 0.2749 0.1357],[0.5639 0.2885 0.1476],[0.5878 0.276  0.1361],[0.5215 0.2403 0.238 ],[0.5872 0.2607 0.1519],[0.5596 0.2554 0.1848],0.1994,0.2076478061210222,0.2090353132582174,0.2075461403592888,0.1516625207242161,0.18104495692039582,0.15261113786498742,0.26913349000000003,0.093279945,0.27448406000000003,0.09807002500000003,0.2925062600000001,0.10501121000000002,0.2626589899999999,0.09355806999999997,0.29520122000000004,0.10598448500000003,0.26460805000000004,0.094229645,0.34335034000000003,0.142850765,0.26144193999999993,0.09676914499999996,0.29333236000000007,0.11408860000000003,0.36215801999999997,0.147408885
Coritiba,Criciúma,27,[0.65   0.2757 0.0741],[0.6482 0.2616 0.0901],[0.6434 0.2638 0.0927],[0.6576 0.2556 0.0866],[0.6389 0.2669 0.0941],[0.6521 0.2595 0.0882],[0.5988 0.2415 0.1595],[0.677  0.2283 0.0943],[0.5254 0.3344 0.1402],0.2348,0.23759988503541507,0.23781381368990015,0.23788073583765917,0.19680953329877068,0.20088757489750925,0.24189794354464342,0.2040013,0.064010265,0.20031581,0.065949645,0.20534729,0.067887705,0.19006868000000002,0.062386020000000014,0.21048362999999998,0.06963342999999998,0.1961539,0.064424505,0.24472394,0.093232785,0.16534237999999998,0.05664862499999998,0.35672455999999997,0.12245060000000002,0.36215801999999997,0.147408885
Chapecoense,Internacional,27,[0.3028 0.3569 0.3403],[0.2977 0.3257 0.3766],[0.3021 0.3238 0.3741],[0.299 0.326 0.375],[0.3008 0.3237 0.3754],[0.2975 0.326  0.3765],[0.2746 0.2454 0.4798],[0.3281 0.2725 0.3993],[0.202  0.2811 0.5168],0.0004,0.0005533133984708522,0.0005877588245848575,0.0005500347910323388,0.0006860348242103281,0.0014475467089845146,0.0002173480907360908,0.7292695400000001,0.30094596500000004,0.7411333399999999,0.31752642499999995,0.7318616599999999,0.31350761,0.7383020000000001,0.31601300000000004,0.7345874900000001,0.31494045000000004,0.7415345000000001,0.31762925000000003,0.8166343600000001,0.37830260000000004,0.6851463499999999,0.30548499,0.9829034500000001,0.45199481,0.36215801999999997,0.147408885
Vitória,Goiás,27,[0.4769 0.3041 0.219 ],[0.4585 0.3001 0.2413],[0.4506 0.3022 0.2472],[0.4589 0.2979 0.2431],[0.4524 0.3025 0.2451],[0.4612 0.2983 0.2404],[0.3896 0.2424 0.3679],[0.4228 0.305  0.2721],[0.4152 0.303  0.2818],0.0382,0.030599326596729027,0.030326486406476318,0.031041001313472594,0.05133515578356097,0.032079258932482625,0.03345894421756711,0.75967142,0.13769730500000002,0.75830795,0.13424811000000003,0.75107304,0.1320741,0.76263123,0.13486773,0.7512460200000001,0.13236988500000002,0.7628804899999999,0.13527284999999997,0.8610963300000001,0.143606085,0.7358232500000002,0.126426345,0.7376112800000001,0.12590114000000002,0.8609580199999999,0.156308885
Cruzeiro,Corinthians,27,[0.621  0.2552 0.1235],[0.5902 0.246  0.1635],[0.5923 0.2427 0.1647],[0.5924 0.2469 0.1604],[0.5925 0.242  0.1652],[0.5923 0.2463 0.1611],[0.5521 0.2139 0.2334],[0.6679 0.1935 0.137 ],[0.5613 0.2543 0.1842],0.0597,0.0692778387581769,0.06746158541988265,0.06927823357780499,0.07507407810018901,0.04314302512486894,0.0749147883486873,1.21902029,0.576683765,1.10858429,0.5237832849999999,1.10744867,0.52402219,1.11682553,0.52768117,1.10651129,0.5237232949999999,1.11523619,0.52703467,0.93824318,0.4457853850000001,1.22830166,0.5940514650000001,1.04525582,0.4901305450000001,0.91675802,0.424708885
Grêmio,Sport,27,[0.5407 0.3985 0.0608],[0.5456 0.3498 0.1045],[0.5455 0.3491 0.1055],[0.548  0.3485 0.1035],[0.546  0.3485 0.1055],[0.5485 0.348  0.1035],[0.5211 0.3184 0.1605],[0.6167 0.2941 0.0892],[0.3412 0.3564 0.3024],0.1256,0.1423154323953408,0.1423684255228604,0.1434193411963145,0.12642780877864251,0.16675444778248297,0.06979375439387926,0.37345538,0.10732656500000001,0.33975965,0.10871026500000001,0.33957131,0.10883970999999999,0.33646849999999995,0.10750812499999997,0.33869849999999996,0.10862312499999997,0.3356685,0.10728225000000001,0.35648401999999996,0.12755273,0.24137033999999996,0.07743776499999998,0.6524841600000001,0.26273160000000007,0.36215801999999997,0.147408885
Figueirense,Flamengo,27,[0.5158 0.274  0.21  ],[0.478  0.2817 0.2403],[0.4675 0.2853 0.2471],[0.4701 0.2833 0.2465],[0.4736 0.2839 0.2424],[0.4781 0.2815 0.2404],[0.4452 0.2271 0.3275],[0.5149 0.2515 0.2333],[0.4059 0.2968 0.2972],0.0525,0.05462616863127521,0.054641733916762976,0.05470023319453883,0.07503064032791538,0.058437679031648766,0.06322447657206225,0.9652256400000001,0.4449168600000001,0.8849829800000001,0.40281404500000006,0.8668107500000001,0.39263205000000007,0.8690151500000002,0.39430279000000007,0.8788539300000001,0.39905161000000006,0.8848140200000001,0.40278588500000007,0.7020337,0.325095185,0.91620315,0.42624553,0.7467728899999999,0.32927105500000003,0.91675802,0.424708885
Flamengo,Cruzeiro,28,[0.3128 0.2799 0.4072],[0.2621 0.2534 0.4842],[0.2616 0.2532 0.485 ],[0.2647 0.2568 0.4783],[0.261  0.2517 0.487 ],[0.2637 0.255  0.4812],[0.2397 0.1987 0.5606],[0.1858 0.1934 0.6184],[0.1491 0.2139 0.6361],0.0175,0.014881386969655122,0.014803613516961838,0.015006758019195165,0.012141825444784577,0.008591907676559086,0.005612053257734878,0.71639969,0.31906857000000005,0.84315761,0.389618375,0.8445697999999999,0.39032681999999996,0.8353832200000002,0.38481419000000006,0.8466428899999999,0.39179119,0.8387161299999999,0.386893695,0.9318101399999998,0.44672582499999997,1.08274376,0.5241600200000001,1.17440723,0.56490031,0.36215801999999997,0.147408885
Corinthians,Botafogo,28,[0.6364 0.2703 0.0932],[0.639  0.2476 0.1131],[0.62   0.2571 0.1228],[0.6429 0.2462 0.1107],[0.6226 0.2554 0.1219],[0.6465 0.2438 0.1094],[0.5662 0.2323 0.2012],[0.6244 0.2232 0.1518],[0.5748 0.259  0.1661],0.095,0.0981765117958429,0.10158531456377434,0.09665132252313186,0.10624965987462065,0.10497903213043874,0.11456309964082652,0.9461532899999999,0.20685493,0.9872183699999998,0.210590325,0.95138025,0.19975221,0.9937893400000001,0.21280963,0.95691953,0.201257385,1.0017690499999998,0.214998215,0.9504271700000001,0.18059239000000002,1.01633684,0.20655073999999998,0.90706525,0.179008745,0.8609580199999999,0.156308885
Atlético-MG,São Paulo,28,[0.6724 0.1838 0.1404],[0.5904 0.2021 0.2056],[0.5961 0.2019 0.2001],[0.5936 0.2026 0.202 ],[0.5925 0.2019 0.2038],[0.5891 0.2024 0.2066],[0.5334 0.1851 0.2788],[0.4608 0.1944 0.3405],[0.2952 0.2303 0.4739],0.0808,0.07327692568109032,0.07393923421203172,0.07327086823530078,0.053417688935184074,0.02904416269554998,0.05783583698340681,0.16081636000000002,0.06400588,0.25088793,0.10541600999999998,0.24393883000000005,0.10197141000000003,0.24701172,0.10334931999999998,0.2483543,0.10416542499999999,0.25248813000000003,0.10615733500000002,0.32970700999999997,0.14848255000000002,0.44446825,0.20482108499999999,0.7743623399999999,0.36094682499999997,0.36215801999999997,0.147408885
Bahia,Chapecoense,28,[0.4932 0.3514 0.1554],[0.4862 0.3309 0.1829],[0.4818 0.3345 0.1837],[0.4855 0.3298 0.1847],[0.4839 0.3341 0.182 ],[0.4878 0.3292 0.1829],[0.4528 0.2696 0.2776],[0.4832 0.291  0.2258],[0.3868 0.3128 0.3003],0.0905,0.10673090672668192,0.10743414142180455,0.10618500065993562,0.12146273917789117,0.09962779095642588,0.12770583921243348,1.08007736,0.47829770000000005,1.01353766,0.45202142500000003,1.01036718,0.449238465,1.00919238,0.4502121699999999,1.0149060200000002,0.45164160500000006,1.01397389,0.452718925,0.7995737599999999,0.36344479999999996,0.91754888,0.41643394,0.7370381699999999,0.31952720500000004,0.91675802,0.424708885
Internacional,Fluminense,28,[0.5792 0.2503 0.1701],[0.5387 0.2506 0.2105],[0.5353 0.2484 0.216 ],[0.5424 0.25   0.2073],[0.5349 0.2489 0.2159],[0.5418 0.2507 0.2072],[0.4804 0.2193 0.2999],[0.4691 0.2459 0.2847],[0.377  0.2802 0.3427],0.097,0.09443510913784087,0.09509301090465519,0.09424287292553002,0.09379093071407177,0.09368335747525362,0.07950804693993417,0.26865673999999995,0.10307152499999996,0.31990830000000003,0.12859611000000004,0.32430464999999997,0.131365935,0.31487105,0.12624780500000002,0.32488203,0.13153026999999998,0.31572957,0.12650179000000003,0.4080166600000001,0.18008220500000005,0.4233757099999999,0.18153994999999992,0.58408433,0.252820425,0.36215801999999997,0.147408885
Sport,Vitória,28,[0.5061 0.3178 0.176 ],[0.5134 0.2874 0.1991],[0.5056 0.2899 0.2045],[0.5255 0.2822 0.1922],[0.5019 0.2912 0.2069],[0.5205 0.2841 0.1953],[0.4486 0.2557 0.2956],[0.5468 0.2688 0.1843],[0.3898 0.3286 0.2815],0.0388,0.04305623206099611,0.044339287400210384,0.042649757824011404,0.06409294786725543,0.04246526447045779,0.05223257141790898,1.0361100500000002,0.4674742150000001,0.9876191299999999,0.45243010499999997,0.9724936200000001,0.4442258050000001,1.0083279299999999,0.464264775,0.96570866,0.44045561,0.9991751499999999,0.45915071,0.7628038100000001,0.34864022999999994,1.0366101699999999,0.4820968049999999,0.77616425,0.33402130499999994,0.91675802,0.424708885
Atlético-PR,Figueirense,28,[0.5553 0.2533 0.191 ],[0.6126 0.2218 0.1648],[0.6069 0.2247 0.1678],[0.6231 0.2157 0.1604],[0.603  0.2274 0.169 ],[0.6184 0.219  0.1619],[0.4478 0.2218 0.3301],[0.6302 0.2074 0.1612],[0.4516 0.2676 0.2807],0.0533,0.0718483532011978,0.07005153410859195,0.07300168590905029,0.03631771563537911,0.07344246725638601,0.039819015866229567,0.29839998,0.11719610500000001,0.22643303999999997,0.08875137999999998,0.23317454000000004,0.09144326500000001,0.21430826,0.084019845,0.23788076000000002,0.09318676000000001,0.21979117000000004,0.08602890500000003,0.46308609000000006,0.20704454500000002,0.20575224,0.08156362,0.45114481,0.18979560499999998,0.36215801999999997,0.147408885
Criciúma,Santos,28,[0.2003 0.3709 0.4288],[0.193  0.3393 0.4676],[0.1895 0.3379 0.4727],[0.1931 0.3385 0.4684],[0.1909 0.3396 0.4695],[0.1948 0.3406 0.4646],[0.1875 0.2433 0.5691],[0.2187 0.32   0.4613],[0.1787 0.3225 0.4987],0.0048,0.005693734985142909,0.005538181338858651,0.0057874913406457205,0.006376819394611987,0.008258207759323663,0.005105620439028706,0.9609563400000001,0.41169476499999996,0.9850232499999999,0.43499614999999997,0.99453195,0.44013051000000003,0.98506842,0.4352430849999999,0.99040122,0.43753653000000003,0.9802085600000001,0.43210010000000004,1.04322595,0.49207245000000005,0.9256273800000001,0.41161369000000003,1.02724163,0.4616675700000001,0.36215801999999997,0.147408885
Goiás,Coritiba,28,[0.4694 0.3213 0.2093],[0.4485 0.321  0.2304],[0.4511 0.3193 0.2296],[0.4486 0.3205 0.2308],[0.4503 0.32   0.2296],[0.4478 0.3214 0.2308],[0.4055 0.2517 0.3427],[0.4386 0.301  0.2604],[0.3166 0.3234 0.36  ],0.0353,0.03649147844015831,0.03686045332244919,0.03633309747621938,0.030454375218667586,0.03641085193305219,0.018118806886680484,0.42857654,0.162671425,0.46027741,0.178641255,0.4559598599999999,0.17700368499999997,0.46003085,0.17867839,0.45728625000000006,0.17746609500000002,0.46149144000000003,0.17909674,0.53422643,0.23547105000000002,0.47357912,0.19148906,0.7012231200000001,0.29831778,0.36215801999999997,0.147408885
Palmeiras,Grêmio,28,[0.1457 0.4423 0.4119],[0.2008 0.3751 0.4241],[0.1993 0.372  0.4287],[0.2022 0.3776 0.4202],[0.2    0.3715 0.4285],[0.203  0.3771 0.42  ],[0.1734 0.2729 0.5536],[0.2633 0.3487 0.388 ],[0.3686 0.3434 0.288 ],0.023,0.028089460170308046,0.02846282161748934,0.02818307185452179,0.03168787747291429,0.04420872991297766,0.05886170815930597,1.09511939,0.44978625,0.95928146,0.4092907250000001,0.9632881799999999,0.41245208999999994,0.9556346400000001,0.40652644000000004,0.9616245000000002,0.4118061250000001,0.9538134099999999,0.40576250999999997,1.06421493,0.49492563000000006,0.8148625800000001,0.34663544500000004,0.5995335199999999,0.24080497999999997,0.36215801999999997,0.147408885
Palmeiras,Santos,29,[0.2523 0.2931 0.4545],[0.2577 0.2848 0.4574],[0.2574 0.2841 0.4583],[0.2614 0.2874 0.4512],[0.2566 0.2836 0.4598],[0.2601 0.2866 0.4532],[0.2019 0.1977 0.5995],[0.3573 0.2741 0.3685],[0.2851 0.3039 0.411 ],0.0398,0.036112075921885076,0.036600375240548766,0.03536173826956691,0.06419336005190109,0.032720252609007086,0.028332903617062876,0.44713315,0.18055823000000007,0.4419350899999999,0.180357775,0.44040646000000006,0.17973852500000004,0.45211016,0.1847557,0.43808856,0.17882979999999998,0.44878180999999995,0.18326645499999997,0.24024914999999997,0.10022228999999998,0.60158635,0.26316463,0.5205582200000001,0.214101505,0.91675802,0.424708885
Atlético-PR,Flamengo,29,[0.4976 0.2871 0.2151],[0.5595 0.2506 0.1896],[0.5496 0.2552 0.195 ],[0.5548 0.2515 0.1935],[0.5539 0.2543 0.1916],[0.5604 0.2502 0.1891],[0.4284 0.2363 0.3351],[0.6267 0.2044 0.1676],[0.452  0.2718 0.2761],0.0905,0.09293147947537225,0.0919658493085287,0.09302107852138702,0.0876908321762161,0.0994021406034693,0.08792681334491978,0.38110018,0.149379945,0.29278877000000003,0.11505117499999999,0.30601219999999996,0.12048162000000003,0.29889754,0.11786138500000001,0.30038426000000007,0.11789624500000002,0.29160700999999994,0.114560305,0.49485626,0.21957634499999995,0.20922200999999999,0.08394089499999997,0.4504104500000001,0.18829522500000004,0.36215801999999997,0.147408885
Internacional,Corinthians,29,[0.5092 0.3413 0.1495],[0.4733 0.3232 0.2035],[0.4708 0.3193 0.2098],[0.4731 0.3248 0.2021],[0.4724 0.3188 0.2088],[0.4748 0.3242 0.2009],[0.4732 0.257  0.2697],[0.5295 0.2692 0.2012],[0.4285 0.3141 0.2574],0.0301,0.03731710236643541,0.039388424882670366,0.03653064304774652,0.05836422507177001,0.047085706162431004,0.05114906841575047,1.0991205800000001,0.4913174450000001,0.9628833800000001,0.42921257,0.9480211700000001,0.42295533,0.96596306,0.43023401000000006,0.95079264,0.4245795999999999,0.9691014900000001,0.431918025,0.82330533,0.37855514500000004,0.9909203299999999,0.45914597500000004,0.83372582,0.367533505,0.91675802,0.424708885
Figueirense,Coritiba,29,[0.4881 0.2912 0.2205],[0.4211 0.2977 0.2812],[0.4204 0.2968 0.2827],[0.4166 0.2969 0.2864],[0.423  0.2975 0.2795],[0.4197 0.2978 0.2824],[0.4049 0.233  0.3619],[0.4321 0.2775 0.2903],[0.329  0.3144 0.3566],0.0129,0.009941996698951515,0.010066979574383716,0.00985946725464456,0.01073904019224765,0.011962850212233454,0.004739137978696104,0.39545930000000007,0.15537507,0.50282394,0.20709932499999997,0.50394569,0.20795600499999997,0.5105301299999999,0.21121890999999993,0.4995555,0.20552462500000002,0.50518269,0.208277175,0.53940462,0.24263022999999995,0.48379075000000005,0.20342129000000003,0.67625192,0.28870228000000003,0.36215801999999997,0.147408885
Botafogo,Sport,29,[0.4993 0.3243 0.1764],[0.5056 0.2905 0.2038],[0.5088 0.2919 0.1992],[0.508  0.2896 0.2023],[0.5084 0.2914 0.2002],[0.5072 0.289  0.2037],[0.4412 0.2616 0.2971],[0.6149 0.2311 0.1535],[0.3549 0.3104 0.3348],0.1221,0.12370459979030053,0.12304637636035753,0.12366310325175038,0.11888612451121895,0.10746928055740715,0.135270344152109,0.7369879399999999,0.140208725,0.80055605,0.14860329,0.79996369,0.14929897,0.8036574499999999,0.149514885,0.8006645599999999,0.1492753,0.8042665300000001,0.149393145,0.8281604099999998,0.141492645,0.9928714700000001,0.20090913,0.7135932100000001,0.118989055,0.8609580199999999,0.156308885
Fluminense,Criciúma,29,[0.8327 0.132  0.0318],[0.8183 0.1373 0.0416],[0.8139 0.14   0.0435],[0.824  0.1331 0.0398],[0.8106 0.1425 0.0444],[0.8202 0.1361 0.0408],[0.7371 0.1633 0.098 ],[0.8494 0.1125 0.0328],[0.7169 0.2098 0.0728],0.0088,0.005192886274895998,0.005251421125686199,0.005132605984829922,0.009698133820365138,0.006013674465072957,0.0033885524655524503,0.046424530000000006,0.014623814999999998,0.05359674,0.017497044999999996,0.056125460000000016,0.01838259000000001,0.05027565000000002,0.01641301000000001,0.05814997,0.019039110000000005,0.05251588999999999,0.017123069999999994,0.10538730000000002,0.03951956500000001,0.03641244999999999,0.012080029999999988,0.12946149,0.042759375,0.36215801999999997,0.147408885
São Paulo,Bahia,29,[0.6498 0.2208 0.1285],[0.6612 0.2063 0.1315],[0.6445 0.2142 0.1406],[0.6737 0.2006 0.1246],[0.6419 0.2153 0.142 ],[0.6715 0.2016 0.1259],[0.545  0.2044 0.2498],[0.7465 0.1489 0.0987],[0.7148 0.1788 0.1044],0.0971,0.09531954423680025,0.09551171435531268,0.09500791709256924,0.09763514812878527,0.09045717598088653,0.0932543380103402,0.18790492999999997,0.06969260499999998,0.17463738,0.06617134499999999,0.19203025000000004,0.073173215,0.16223721000000005,0.06113669500000002,0.19475369999999995,0.074314045,0.16440562,0.06200843000000001,0.31120439999999994,0.13491299999999995,0.09617514999999997,0.037619109999999976,0.12420783999999999,0.046332000000000005,0.36215801999999997,0.147408885
Vitória,Cruzeiro,29,[0.2466 0.2628 0.4903],[0.2492 0.2378 0.5125],[0.2463 0.2359 0.5173],[0.2423 0.2355 0.5216],[0.25   0.2369 0.5126],[0.247  0.2371 0.5155],[0.1944 0.1791 0.6244],[0.151  0.1871 0.6595],[0.158  0.2186 0.6227],0.114,0.09926990258928861,0.09781020893989303,0.09923204631209875,0.08468948789615019,0.08721745244175419,0.12659852924171175,0.38966949000000006,0.16015000499999998,0.35630573000000004,0.149634945,0.34931179,0.14659039,0.34303610000000007,0.14350124499999997,0.3561803700000001,0.14978592999999998,0.35196566000000007,0.147680985,0.21094353000000005,0.08864901,0.17374766000000003,0.06855918499999998,0.21510524999999997,0.083396025,0.91675802,0.424708885
Goiás,Grêmio,29,[0.2104 0.5029 0.2867],[0.2677 0.4351 0.2972],[0.2658 0.4337 0.3005],[0.2688 0.4342 0.2969],[0.2663 0.4339 0.2998],[0.2695 0.4346 0.2959],[0.2601 0.3291 0.4108],[0.2654 0.4099 0.3247],[0.3825 0.3282 0.2893],0.374,0.32389911722921644,0.32220466573686884,0.3231997553263334,0.19717816131155136,0.28775768653170397,0.16690731107196374,0.37357345999999997,0.06323252499999998,0.47910314,0.079995565,0.48164558,0.08047494499999999,0.4805326900000001,0.080231225,0.48126494000000003,0.08039786500000001,0.47986422,0.08009353000000002,0.6865154600000001,0.11820432500000003,0.5240852600000001,0.087933625,0.6813159799999999,0.11500036999999999,0.8609580199999999,0.156308885
Atlético-MG,Chapecoense,29,[0.6952 0.2153 0.0888],[0.6746 0.2132 0.1115],[0.6712 0.2167 0.1116],[0.6793 0.2117 0.1083],[0.67   0.2163 0.1131],[0.6778 0.2113 0.1102],[0.6057 0.2014 0.1922],[0.6862 0.1749 0.1355],[0.57   0.2385 0.1911],0.1705,0.1629553329975958,0.165225430990914,0.16178231491188844,0.1242979764927177,0.08203912458501464,0.12902819253727477,0.14714256999999997,0.05045688999999998,0.16377165000000002,0.05923724500000002,0.16752288999999998,0.06033804999999999,0.15939426999999998,0.05736499,0.16847729999999997,0.060914024999999976,0.16060457000000003,0.05805607000000002,0.23297529,0.09634169499999999,0.1474207,0.05888760499999999,0.27830146,0.11078620500000001,0.36215801999999997,0.147408885
Flamengo,Internacional,30,[0.3397 0.3316 0.3287],[0.308  0.3095 0.3824],[0.3132 0.3086 0.3781],[0.313 0.312 0.375],[0.3107 0.3077 0.3816],[0.3096 0.3108 0.3795],[0.2815 0.2368 0.4815],[0.2787 0.2585 0.4626],[0.2241 0.2804 0.4954],0.0605,0.05832223175801438,0.05880936255091496,0.05882270138124426,0.04412239430099874,0.04519785564505308,0.03771243207577316,0.65399834,0.27201989,0.7208840099999999,0.31258513000000004,0.7098878100000001,0.3073647450000001,0.7099380000000001,0.30629700000000004,0.71543234,0.310376525,0.7172690500000001,0.310374165,0.8041587400000001,0.37413859,0.8010947000000002,0.36722878500000006,0.92606613,0.4237705350000001,0.36215801999999997,0.147408885
Corinthians,Vitória,30,[0.6618 0.2528 0.0851],[0.6707 0.2306 0.0984],[0.6647 0.2324 0.1026],[0.6822 0.224  0.0934],[0.6614 0.2343 0.104 ],[0.6779 0.2267 0.0951],[0.6036 0.2167 0.1794],[0.7246 0.1907 0.0838],[0.5194 0.2935 0.187 ],0.0803,0.07627600201831378,0.0775451587431497,0.07606394938683353,0.09399816870891463,0.08204515964803416,0.07701400992446904,0.18552908999999998,0.060836244999999976,0.17129741000000004,0.05909013500000001,0.17696261000000002,0.06150729500000001,0.15989639999999997,0.05489771999999999,0.18036245,0.06276427000000001,0.16418531000000003,0.05642483000000002,0.23627621,0.09471257,0.11923409,0.041510029999999996,0.35208761,0.13299139000000001,0.36215801999999997,0.147408885
Cruzeiro,Palmeiras,30,[0.8908 0.0498 0.0148],[0.8771 0.0657 0.0257],[0.8742 0.0684 0.0274],[0.8788 0.0653 0.0249],[0.8738 0.0681 0.0275],[0.8785 0.0649 0.025 ],[0.8285 0.0911 0.0605],[0.8447 0.0896 0.0443],[0.7334 0.1765 0.0884],0.0226,0.030910653561773898,0.03191128618881191,0.03060572150364549,0.039490002236048906,0.040862745982336336,0.08196016465915994,1.69662372,0.3995210800000001,1.6428813899999999,0.38678425,1.63285496,0.38421019999999995,1.64657354,0.388187625,1.6327203,0.383919205,1.64679926,0.3879821849999999,1.5161717100000003,0.34663621000000006,1.54430874,0.35914627,1.2238423699999998,0.27299823,0.8609580199999999,0.156308885
Criciúma,Atlético-PR,30,[0.311  0.3831 0.3058],[0.2817 0.3315 0.3867],[0.2742 0.332  0.3938],[0.2855 0.3281 0.3864],[0.2744 0.3346 0.391 ],[0.2859 0.3311 0.383 ],[0.2847 0.2747 0.4406],[0.2663 0.2927 0.4409],[0.2308 0.3277 0.4415],0.1521,0.1680420431517626,0.17233014393855534,0.16632495381447587,0.16568406396943394,0.1486329813178204,0.187221394656964,0.7254002499999999,0.28924791,0.5653840299999999,0.22768456999999998,0.5528880800000001,0.22133204000000004,0.5656648199999998,0.22900760499999995,0.5581335199999999,0.22308817999999997,0.57205502,0.231213905,0.46944254,0.19699122500000002,0.46918178999999993,0.19169834999999996,0.47257818,0.182595445,0.91675802,0.424708885
Coritiba,Botafogo,30,[0.5789 0.2759 0.145 ],[0.5351 0.2736 0.1911],[0.5138 0.2812 0.205 ],[0.5411 0.2714 0.1874],[0.5164 0.2803 0.2032],[0.5447 0.2701 0.1851],[0.4983 0.2353 0.2662],[0.507  0.2455 0.2471],[0.4974 0.2783 0.2242],0.1238,0.11804927997587725,0.11341224689525212,0.1204417613614851,0.09155308916522434,0.08964193783431675,0.10513494954350495,0.27447102000000007,0.09920414500000002,0.32750818000000004,0.12636387,0.35748887999999995,0.13920771999999998,0.31936592999999996,0.12287273499999998,0.35372729,0.13759993000000004,0.31451411000000007,0.12079857000000002,0.37793142,0.16133594499999998,0.36437766,0.15215270500000003,0.3803232899999999,0.15145862999999996,0.36215801999999997,0.147408885
Grêmio,Figueirense,30,[0.6133 0.3185 0.0681],[0.6268 0.2819 0.0913],[0.6248 0.2825 0.0926],[0.6382 0.2742 0.0876],[0.6198 0.2859 0.0943],[0.6318 0.2785 0.0896],[0.5579 0.2652 0.1769],[0.6443 0.2622 0.0934],[0.3788 0.3195 0.3017],0.2596,0.2516432092223714,0.25147011133791114,0.25095307936737327,0.20715993423830886,0.23466164469423859,0.15469162925393132,0.25561675000000006,0.07709407000000001,0.22708153999999997,0.07380696499999997,0.22915605,0.07468417,0.21375864,0.0692865,0.23518334,0.076722265,0.22116165,0.07180866999999998,0.29707706,0.11337301000000004,0.20399489,0.06763237500000001,0.57899258,0.23845616499999997,0.36215801999999997,0.147408885
Bahia,Atlético-MG,30,[0.3702 0.3477 0.2821],[0.3713 0.3136 0.3151],[0.3604 0.3195 0.3201],[0.365  0.3145 0.3205],[0.3672 0.3178 0.315 ],[0.3732 0.3122 0.3146],[0.3307 0.2467 0.4224],[0.3685 0.2588 0.3725],[0.278  0.2586 0.4633],0.1353,0.13480756446440662,0.13461876084380942,0.13482954333198,0.11617727389981056,0.12284350964902194,0.12297915427494023,0.64212374,0.10831422499999999,0.70829666,0.11857584999999998,0.6954324199999999,0.11617608500000001,0.7058555,0.117972625,0.6994576799999999,0.11703042,0.7113202399999999,0.11912569999999997,0.85524514,0.143976645,0.8239259400000002,0.13734879,0.8416048500000002,0.14601178500000003,0.8609580199999999,0.156308885
Santos,Fluminense,30,[0.5172 0.2601 0.2224],[0.4858 0.2644 0.2496],[0.4867 0.2623 0.2508],[0.4876 0.2644 0.2478],[0.4866 0.2628 0.2505],[0.4875 0.265  0.2474],[0.429  0.2184 0.3522],[0.3624 0.2599 0.3775],[0.2927 0.2675 0.4397],0.0715,0.08528491551964361,0.08416759723613527,0.08555391907485867,0.07902318571041471,0.09371274508641898,0.1169127660481378,0.9398096100000002,0.43584560999999994,0.8690091600000001,0.39940085999999997,0.86697882,0.398938965,0.87346596,0.40162889999999996,0.8675936500000001,0.399189965,0.8742880099999999,0.401956255,0.6513843999999999,0.30158396,0.58638802,0.259295545,0.47116563,0.19974867000000002,0.91675802,0.424708885
Chapecoense,São Paulo,30,[0.4293 0.2735 0.297 ],[0.3663 0.2659 0.3676],[0.3665 0.2658 0.3676],[0.3668 0.2663 0.3668],[0.3659 0.2654 0.3685],[0.3662 0.2659 0.3678],[0.3454 0.2109 0.443 ],[0.3308 0.2174 0.4506],[0.1753 0.2355 0.5888],0.0806,0.07678207816733328,0.0761846209196492,0.07678099163835868,0.029029172419290487,0.0275900342845057,0.07868432847482891,0.8003097399999999,0.13631318499999998,0.8082082599999999,0.13472628499999995,0.80850165,0.13476277500000003,0.8074001700000001,0.13457893,0.8093122199999998,0.13491127,0.8082820900000001,0.13472642999999998,0.93822897,0.15808567,0.92493176,0.15677666,0.96187578,0.188943445,0.8609580199999999,0.156308885
Sport,Goiás,30,[0.4487 0.3474 0.2039],[0.4494 0.3301 0.2205],[0.4398 0.3331 0.2271],[0.4547 0.3283 0.217 ],[0.4391 0.3331 0.2278],[0.4538 0.3283 0.2179],[0.3893 0.2723 0.3384],[0.4607 0.3119 0.2274],[0.4037 0.331  0.2653],0.1056,0.11765089680088997,0.12104895747896138,0.11617641668395236,0.13541519524782653,0.11098366255024096,0.1303807417844354,0.95579366,0.41755345,0.91854662,0.4047903050000001,0.90175406,0.395399225,0.92762198,0.40992054499999997,0.9000572600000001,0.39455082500000005,0.92539574,0.408807425,0.6634163399999999,0.294634525,0.9064368599999999,0.40457762499999994,0.81231878,0.35137889,0.91675802,0.424708885
Fluminense,Atlético-PR,31,[0.7835 0.1435 0.0677],[0.7279 0.1648 0.1039],[0.7165 0.1696 0.1108],[0.7376 0.1592 0.0993],[0.7128 0.1722 0.1122],[0.7333 0.1622 0.1009],[0.6507 0.175  0.1721],[0.7566 0.1407 0.0949],[0.6578 0.1988 0.1421],0.0868,0.09359686415004335,0.09502691509668178,0.09302194056451225,0.09828808188689882,0.08768290137995897,0.09807760105057989,0.07204779000000001,0.02611467000000001,0.11199266,0.042781629999999994,0.12141305,0.04667753499999999,0.10405888999999999,0.03975960499999999,0.12472552,0.04785834,0.10761854000000003,0.04103105000000002,0.18225390000000005,0.07619791000000005,0.08804605999999997,0.03492584499999999,0.17681468999999997,0.06883304499999998,0.36215801999999997,0.147408885
Palmeiras,Corinthians,31,[0.2269 0.3533 0.4198],[0.2216 0.3133 0.4651],[0.224  0.3105 0.4654],[0.2221 0.3168 0.4611],[0.2246 0.3097 0.4656],[0.2226 0.3158 0.4616],[0.204  0.2243 0.5714],[0.297  0.2864 0.4165],[0.2403 0.3356 0.424 ],0.1303,0.1261051923645403,0.12683647975866633,0.12607087089937893,0.10459094899258703,0.13216657567405832,0.1265359920498665,0.6459365400000001,0.11385782499999997,0.73698146,0.13271228499999999,0.74218341,0.13343313,0.7287038600000001,0.13097081,0.7437426100000001,0.13366083,0.73075496,0.13131266,0.9698244500000002,0.18422849,0.77090621,0.13088228500000004,0.67894745,0.11880245499999996,0.8609580199999999,0.156308885
Figueirense,Cruzeiro,31,[0.2853 0.2555 0.4588],[0.2329 0.2308 0.5357],[0.2293 0.2289 0.5411],[0.2259 0.2284 0.545 ],[0.234  0.2305 0.5349],[0.2315 0.2305 0.5374],[0.2285 0.1842 0.5852],[0.1821 0.1973 0.6185],[0.1508 0.2104 0.6378],0.1152,0.10845891601633541,0.10824596963248677,0.10835501666891902,0.07691853284675881,0.08903729056543394,0.1000383431658782,0.84617378,0.14613044500000005,0.9328855399999999,0.17093023,0.9399629100000001,0.17306311000000002,0.9434223700000002,0.17440989500000004,0.93300426,0.170758305,0.9345212599999999,0.171518305,1.06020093,0.19856897499999998,1.06002995,0.20915459000000006,1.05299764,0.21540354,0.8609580199999999,0.156308885
Coritiba,Grêmio,31,[0.2265 0.5138 0.2598],[0.291  0.4251 0.2838],[0.2857 0.4211 0.2932],[0.2942 0.425  0.2808],[0.2863 0.4216 0.2921],[0.2948 0.4258 0.2794],[0.282  0.3327 0.3852],[0.3138 0.3727 0.3135],[0.4451 0.3277 0.2272],0.113,0.10651548561446468,0.10777103595693695,0.10621476323595529,0.11359725107205865,0.12398642532190228,0.12558219801662596,0.35518872999999995,0.059373174999999986,0.49573344999999996,0.08264011,0.50271594,0.08379536500000001,0.49602727999999996,0.08270113999999999,0.50183666,0.08364505,0.49467704000000007,0.0824857,0.67319233,0.11399004999999998,0.59025798,0.098376345,0.70172114,0.12486692500000002,0.8609580199999999,0.156308885
Atlético-MG,Sport,31,[0.7076 0.2132 0.0785],[0.6641 0.2187 0.1166],[0.6644 0.2203 0.1148],[0.6669 0.2184 0.1142],[0.6639 0.2195 0.1161],[0.6663 0.2173 0.1158],[0.6173 0.2062 0.1759],[0.702  0.1819 0.1141],[0.4966 0.2714 0.2318],0.0164,0.015613508489899447,0.015325141214482906,0.01575358656485224,0.023449201054593923,0.02635591786624988,0.018209710641400853,0.13711425,0.045885445,0.17425406,0.06328250499999999,0.17433849,0.06296085,0.17169580999999998,0.06205597499999997,0.17462266999999995,0.06327950999999998,0.17198461999999998,0.062452505000000005,0.21991854,0.08880595000000004,0.13491042000000003,0.05114360500000002,0.38080076000000007,0.15361780000000003,0.36215801999999997,0.147408885
Vitória,Criciúma,31,[0.6014 0.2954 0.1031],[0.6193 0.2657 0.1148],[0.6164 0.2675 0.116 ],[0.6242 0.2616 0.1141],[0.6136 0.2696 0.1167],[0.6209 0.2642 0.1147],[0.5324 0.255  0.2125],[0.5518 0.2926 0.1555],[0.4924 0.3357 0.1719],0.0383,0.03400387420100305,0.033128411276954116,0.034473123991384816,0.03838755460090989,0.03116276233422286,0.021148321853726792,0.25677272999999995,0.08476610499999998,0.22870802000000004,0.07907876500000001,0.23216121000000003,0.08031409000000003,0.22267901,0.07713364500000001,0.23560800999999998,0.08147360499999999,0.22667454,0.07845943000000001,0.32883101000000003,0.131924265,0.31067825000000004,0.11254730500000001,0.39990186000000005,0.14360368500000004,0.36215801999999997,0.147408885
Chapecoense,Santos,31,[0.3708 0.3389 0.2903],[0.3372 0.3287 0.334 ],[0.3358 0.3287 0.3354],[0.3404 0.3287 0.3309],[0.3343 0.3288 0.3369],[0.3386 0.3288 0.3327],[0.3204 0.2441 0.4353],[0.4199 0.2784 0.3017],[0.2717 0.2932 0.435 ],0.1357,0.13391001647097103,0.13390196579980815,0.1339002950175523,0.11513266234849669,0.13050376033705113,0.13181053815147725,0.65881994,0.11088336500000001,0.67590353,0.11266333000000002,0.6758984899999999,0.11266095000000001,0.67601066,0.11268348499999999,0.67576754,0.11262904999999998,0.67584869,0.112636365,0.8635270600000001,0.146158225,0.78804546,0.13366945000000002,0.7626121299999999,0.131566455,0.8609580199999999,0.156308885
São Paulo,Goiás,31,[0.7252 0.1698 0.1014],[0.6892 0.1873 0.1217],[0.6771 0.1926 0.1287],[0.6955 0.1846 0.118 ],[0.6774 0.1924 0.1286],[0.6958 0.1844 0.1179],[0.5894 0.1847 0.2239],[0.7542 0.1461 0.0937],[0.6825 0.1952 0.121 ],0.087,0.08895514659841078,0.08601973627087091,0.09061965991280238,0.05479121189079179,0.0948442920963371,0.08960392571680126,0.11462904000000003,0.04327650000000001,0.14648882,0.05592606499999998,0.15792285999999997,0.06062252999999998,0.14072141,0.053549935,0.15762647999999999,0.06051267999999999,0.14044141000000002,0.05344664500000001,0.25283765999999996,0.10981358499999999,0.09054254000000002,0.035196865,0.15355029,0.057882615,0.36215801999999997,0.147408885
Botafogo,Flamengo,31,[0.4763 0.3026 0.221 ],[0.5275 0.2713 0.2011],[0.525  0.2751 0.1998],[0.525  0.273  0.2019],[0.5263 0.2737 0.1999],[0.5267 0.2712 0.202 ],[0.4247 0.2413 0.3339],[0.6421 0.2011 0.1554],[0.3921 0.2836 0.3242],0.0864,0.08696685924027002,0.08600906739640941,0.087111323243712,0.08637638498276393,0.0990135210637086,0.08024951346168889,0.41466945000000005,0.16157345500000003,0.33730115,0.13186885,0.34122505,0.13279250999999997,0.34091761000000004,0.13321450499999998,0.33926339,0.13219584999999998,0.33836633000000005,0.13242865500000003,0.5006849899999999,0.22126304999999993,0.19268278,0.076340305,0.55507701,0.237356455,0.36215801999999997,0.147408885
Internacional,Bahia,31,[0.6304 0.2729 0.0965],[0.6253 0.2577 0.1169],[0.6086 0.2656 0.1257],[0.6361 0.2517 0.112 ],[0.6063 0.2671 0.1264],[0.6343 0.253  0.1125],[0.562  0.2362 0.2016],[0.6843 0.2101 0.105 ],[0.6399 0.2292 0.1305],0.1477,0.15523578823806455,0.14973415777236013,0.1577630294904088,0.11675476303913743,0.15360778782785275,0.14166031340354646,0.22039082000000002,0.07297754500000002,0.22047499000000004,0.07704455000000002,0.23953781,0.08450980499999998,0.2083201,0.07250604500000002,0.24231906000000006,0.08551364500000004,0.21040174000000003,0.07321891000000001,0.28827699999999995,0.11628363999999998,0.15483349999999999,0.055409104999999986,0.19923489999999996,0.07340348999999999,0.36215801999999997,0.147408885
Sport,Figueirense,32,[0.4878 0.3094 0.2028],[0.534  0.2786 0.1873],[0.5264 0.2816 0.1919],[0.5463 0.2733 0.1803],[0.5213 0.2836 0.1951],[0.54   0.2759 0.1841],[0.4142 0.2495 0.3362],[0.502  0.277  0.2209],[0.4019 0.3224 0.2756],0.1684,0.1742125747515681,0.1741053160964223,0.17369354994706576,0.12830207638046454,0.1543961715894725,0.16554729426958656,0.39920504,0.15173833999999997,0.32985525,0.126137385,0.34042113,0.130580485,0.31304466999999997,0.11919393,0.34764666,0.13360885000000003,0.32161361999999993,0.12274640499999996,0.51844233,0.22812967,0.3735298100000001,0.14842250499999998,0.5376207300000001,0.21686705500000006,0.36215801999999997,0.147408885
Santos,Internacional,32,[0.4544 0.3109 0.2346],[0.4524 0.2976 0.25  ],[0.4551 0.2947 0.2502],[0.4531 0.298  0.2489],[0.455  0.295  0.2499],[0.453  0.2984 0.2486],[0.3955 0.239  0.3653],[0.4093 0.2782 0.3124],[0.3228 0.2862 0.3909],0.0536,0.053390556380835376,0.05396952577895201,0.05287600987681496,0.07954347263812354,0.07036922334752688,0.07941232607836021,0.8889753300000001,0.3960817300000001,0.85573152,0.38358288,0.8561641400000001,0.384658025,0.85825482,0.38472541,0.8567000100000001,0.38476250500000003,0.85885352,0.38490548,0.6163853400000001,0.27950527000000003,0.71771549,0.320091375,0.55711309,0.23754042499999997,0.91675802,0.424708885
Cruzeiro,Botafogo,32,[0.8388 0.1093 0.0419],[0.8058 0.1223 0.0633],[0.7908 0.1317 0.0706],[0.8105 0.1198 0.0607],[0.7925 0.1303 0.07  ],[0.8127 0.118  0.0599],[0.7218 0.1476 0.1259],[0.8132 0.102  0.0628],[0.7831 0.1357 0.0748],0.0746,0.08161796098303502,0.08432202751072575,0.08007296509539762,0.09343789986659017,0.071522970720403,0.08604365428640752,0.03968754,0.014389525000000004,0.05667782000000002,0.02147860500000001,0.06609389000000002,0.024909250000000015,0.05394678,0.020424669999999995,0.06493434000000001,0.02453396500000001,0.05259330000000001,0.01998607000000001,0.11503181000000001,0.04723684500000001,0.04924207999999998,0.02128463999999999,0.07105513999999999,0.026840004999999993,0.36215801999999997,0.147408885
Criciúma,São Paulo,32,[0.2246 0.3    0.4753],[0.1976 0.2643 0.538 ],[0.1946 0.2629 0.5423],[0.1954 0.2632 0.5413],[0.1972 0.2644 0.5383],[0.1986 0.265  0.5363],[0.1934 0.2015 0.6043],[0.1825 0.2164 0.6002],[0.1127 0.2427 0.6443],0.0871,0.08918810522871255,0.0890942774563848,0.08903203254775335,0.09891394733258795,0.09942994655739898,0.07812872621641273,0.4157552499999999,0.16282516499999997,0.32234424999999994,0.12619868999999997,0.31647486,0.12358772500000002,0.31786109,0.12424756499999999,0.32196209,0.12598120499999999,0.32468465,0.127183465,0.23458430000000005,0.09667510500000001,0.23997525000000003,0.09621413499999999,0.19812707000000002,0.06950527000000001,0.91675802,0.424708885
Flamengo,Chapecoense,32,[0.5303 0.3036 0.166 ],[0.4845 0.3072 0.2083],[0.4789 0.3101 0.211 ],[0.491  0.3064 0.2026],[0.4782 0.3095 0.2123],[0.4899 0.3057 0.2044],[0.4434 0.2495 0.3071],[0.4627 0.2605 0.2766],[0.4206 0.3079 0.2715],0.0463,0.04362404079704822,0.04233388888469191,0.04469073395009662,0.036306400353463275,0.0416353213619577,0.03314007828179109,0.34034705000000004,0.12410365500000001,0.40350098000000006,0.15456457000000004,0.41222822,0.158033105,0.39400872000000003,0.15006388,0.41313678,0.158673265,0.39543385999999997,0.15099068499999999,0.46636422,0.20205698499999997,0.43305910000000003,0.18265478499999996,0.5042190200000001,0.20470830500000003,0.36215801999999997,0.147408885
Atlético-PR,Atlético-MG,32,[0.352  0.2947 0.3532],[0.4036 0.2605 0.3358],[0.3876 0.2646 0.3477],[0.3993 0.2601 0.3405],[0.3949 0.2641 0.3408],[0.4086 0.2593 0.332 ],[0.2908 0.216  0.4927],[0.4442 0.216  0.3385],[0.3555 0.2439 0.4003],0.1104,0.09907264496804685,0.10160640333918787,0.09870687588679226,0.07540615726142286,0.051019992606395496,0.07338263140975945,0.63150233,0.27236245,0.5363148500000001,0.23426089000000003,0.5659422100000001,0.24799930500000003,0.54443275,0.23842443,0.5520394599999999,0.24121352499999996,0.5272144499999999,0.23002219,0.7923739300000001,0.37310556500000003,0.4701518900000001,0.21218968500000004,0.6351075500000001,0.28793035000000006,0.36215801999999997,0.147408885
Grêmio,Vitória,32,[0.6151 0.3256 0.0592],[0.6076 0.2947 0.0977],[0.6058 0.2948 0.0993],[0.6192 0.2868 0.094 ],[0.6019 0.2974 0.1006],[0.614  0.2904 0.0956],[0.5804 0.2655 0.1541],[0.6804 0.2446 0.0748],[0.3672 0.3251 0.3078],0.2693,0.2539300372735458,0.25293132376418315,0.2531185943725451,0.22121507248616523,0.24025377398696465,0.15568687181622348,0.25766801,0.07583225500000002,0.25037114,0.08176152499999997,0.25216117,0.08263700499999999,0.23609888000000004,0.07692232000000002,0.25705073,0.084312055,0.24246752000000002,0.07906768000000002,0.27030121999999995,0.09990548499999997,0.16756836,0.0538846,0.6008666900000001,0.24755757,0.36215801999999997,0.147408885
Goiás,Fluminense,32,[0.358  0.2935 0.3484],[0.3422 0.2928 0.365 ],[0.3463 0.2912 0.3624],[0.344  0.2926 0.3634],[0.3453 0.2917 0.3629],[0.3427 0.2932 0.364 ],[0.3052 0.2226 0.4719],[0.24   0.2605 0.4993],[0.1931 0.2547 0.552 ],0.0585,0.06996005234209847,0.069230757867646,0.06981046964491489,0.07502153777338398,0.0967469669497086,0.11434737802109618,0.6388888099999999,0.27630813000000004,0.6060576799999999,0.26016292,0.6112548899999999,0.263164975,0.6092103200000001,0.26179778000000004,0.61021739,0.26250055,0.60790553,0.260906055,0.42158741,0.18585998500000003,0.37616073999999994,0.15405014499999994,0.30286369999999996,0.118906245,0.91675802,0.424708885
Bahia,Palmeiras,32,[0.6774 0.2354 0.0868],[0.625  0.2498 0.125 ],[0.6197 0.2533 0.1268],[0.6211 0.2517 0.127 ],[0.622  0.2522 0.1256],[0.6239 0.2502 0.1257],[0.609  0.213  0.1776],[0.5572 0.2638 0.1788],[0.3648 0.3225 0.3127],0.0473,0.06600788569393946,0.06689219542966754,0.06627136820931467,0.0744896789639327,0.07923033094766176,0.13763766149809972,1.34821816,0.64603738,1.21865004,0.57795004,1.21066722,0.573078565,1.2112471,0.573772545,1.2150642,0.57555484,1.2162517400000001,0.57665103,1.09259176,0.5232825799999999,1.0544317200000002,0.49225643999999996,0.70946658,0.302730165,0.91675802,0.424708885
Corinthians,Coritiba,32,[0.5601 0.3199 0.12  ],[0.583  0.2873 0.1297],[0.5832 0.2843 0.1325],[0.5841 0.2877 0.1281],[0.5822 0.2848 0.1329],[0.583  0.2884 0.1285],[0.5064 0.2529 0.2406],[0.6161 0.2423 0.1412],[0.4475 0.328  0.2244],0.0205,0.015734322558888063,0.01673490079808537,0.015369590164519675,0.035939195410562765,0.027551726949711523,0.02179431894862175,0.7906480199999999,0.164056005,0.8646523799999999,0.17835554499999998,0.8699049800000002,0.17883924500000004,0.8649537099999998,0.17880402999999997,0.8681302900000001,0.17832292500000002,0.8627758099999999,0.17821348499999998,0.8724877299999999,0.15718872999999997,0.9736259400000001,0.199814965,0.7021956099999999,0.12532825499999997,0.8609580199999999,0.156308885
Sport,Flamengo,33,[0.4341 0.3451 0.2208],[0.4843 0.3079 0.2078],[0.4731 0.3123 0.2146],[0.4822 0.31   0.2077],[0.4755 0.3105 0.2139],[0.4856 0.3077 0.2067],[0.3951 0.2672 0.3377],[0.5071 0.2682 0.2246],[0.4014 0.3279 0.2707],0.0304,0.024433445012120476,0.02458634937666313,0.024345398775759274,0.03920453875679057,0.03856120717112976,0.025439366078988564,0.66608946,0.11859772499999999,0.7567297399999999,0.138863665,0.74280806,0.134938385,0.75175613,0.137848845,0.7472637099999999,0.13594812999999997,0.75781154,0.13926612500000002,0.80714114,0.13507265000000002,0.84312681,0.153820255,0.6861188599999999,0.11720022499999998,0.8609580199999999,0.156308885
Vitória,São Paulo,33,[0.3962 0.254  0.3494],[0.3664 0.2419 0.3914],[0.365  0.2414 0.3932],[0.361  0.2408 0.3978],[0.3676 0.2417 0.3904],[0.3645 0.2413 0.3938],[0.2979 0.1948 0.5057],[0.2425 0.2102 0.5458],[0.2067 0.2413 0.5516],0.0799,0.08556203926973655,0.08542693612509754,0.08581959490298831,0.08890962221873198,0.09477795142322472,0.0966028874495045,0.6447708000000001,0.28986732,0.56315853,0.25213897,0.5597052,0.25047306,0.55095048,0.24624220000000002,0.5651608099999998,0.25318817,0.5585643800000001,0.24992702500000002,0.37102393999999994,0.16575013,0.30928793000000004,0.131872895,0.30201314,0.12171452499999998,0.91675802,0.424708885
Grêmio,Internacional,33,[0.3989 0.4675 0.1336],[0.4145 0.3921 0.1934],[0.4214 0.3861 0.1926],[0.4165 0.3918 0.1917],[0.4197 0.3867 0.1935],[0.4143 0.3929 0.1929],[0.3865 0.3286 0.2848],[0.4314 0.3462 0.2224],[0.2171 0.3009 0.482 ],0.0028,0.0024463761477639856,0.0026537323383153105,0.0024207086121350242,0.0036050617055400553,0.004713385762498145,0.0019093985255632384,0.59772642,0.18958508499999996,0.53395622,0.19010690500000002,0.52094593,0.18591711,0.53072838,0.18861057,0.52372723,0.18711453000000003,0.53462531,0.19010817,0.5654712499999999,0.22877513499999994,0.49262216000000003,0.18638385999999998,0.9357972200000001,0.42262820500000003,0.36215801999999997,0.147408885
Figueirense,Chapecoense,33,[0.5229 0.2889 0.188 ],[0.469  0.2967 0.2342],[0.4607 0.2993 0.24  ],[0.468  0.2953 0.2366],[0.4642 0.2991 0.2366],[0.4723 0.295  0.2326],[0.4459 0.2348 0.3191],[0.4534 0.2695 0.277 ],[0.4286 0.3016 0.2698],0.162,0.16507834752223982,0.16584008680812684,0.16445158205239507,0.11630728331335712,0.12394742142944536,0.15419700781641343,0.34643161999999994,0.13152184499999997,0.42484153,0.16842875,0.43802498,0.174222245,0.42620565000000005,0.16952545,0.43252201000000007,0.17155427000000004,0.4195950500000001,0.16630829500000002,0.46398266000000005,0.20448966999999998,0.44813081,0.18777798999999998,0.49025256,0.19964500000000002,0.36215801999999997,0.147408885
Corinthians,Santos,33,[0.4917 0.3365 0.1718],[0.5001 0.3154 0.1845],[0.4955 0.3144 0.1901],[0.5044 0.3151 0.1804],[0.494  0.3148 0.1912],[0.5026 0.3157 0.1816],[0.4361 0.2546 0.3092],[0.5446 0.2691 0.1862],[0.4356 0.3048 0.2596],0.1975,0.2039167038064699,0.19970238892526707,0.20578893458735256,0.14056379261656712,0.165908968343319,0.16042488455901763,0.40111638,0.14394206499999998,0.38341742,0.14197013,0.38950561999999994,0.14532912999999997,0.37745153000000004,0.13909981000000005,0.39169248,0.14629672,0.38005180999999993,0.14021082999999998,0.47840901,0.20682485500000003,0.31447441000000004,0.12104843000000001,0.47884256,0.19296976000000002,0.36215801999999997,0.147408885
Palmeiras,Atlético-MG,33,[0.2245 0.2747 0.5006],[0.2531 0.2583 0.4884],[0.2435 0.2585 0.4979],[0.2533 0.2614 0.4851],[0.2474 0.2574 0.495 ],[0.2582 0.26   0.4817],[0.1814 0.1812 0.6357],[0.3378 0.2301 0.4314],[0.2973 0.2765 0.4261],0.0929,0.09166932916799524,0.09339461671248246,0.09038221970490698,0.09557912473209466,0.0580138543887421,0.08134982116733744,0.37526069999999995,0.14980046499999997,0.39251306,0.16279480499999996,0.37821890999999996,0.15564813,0.39761286000000007,0.16453851000000003,0.38248652000000005,0.15801492,0.40290212999999997,0.16759924499999998,0.19845388999999997,0.08219380500000002,0.49036081,0.21830987,0.4942007500000001,0.20881687000000004,0.91675802,0.424708885
Coritiba,Fluminense,33,[0.3939 0.2971 0.309 ],[0.3737 0.2855 0.3407],[0.3721 0.2821 0.3457],[0.3789 0.2856 0.3354],[0.3711 0.2828 0.346 ],[0.3775 0.2866 0.3358],[0.3372 0.226  0.4365],[0.306  0.2528 0.4409],[0.2531 0.2871 0.4597],0.1221,0.1204871012632956,0.1171794993913644,0.12255903312289991,0.08791702323075667,0.0789652285478144,0.10135083839387665,0.5511066200000001,0.23141910500000007,0.5898384300000001,0.25419817000000006,0.59334731,0.25691803,0.5798257299999999,0.24916273499999994,0.59520705,0.25765021500000007,0.58240745,0.25016753500000005,0.6809120900000001,0.315049085,0.73993665,0.338146765,0.8516101100000001,0.38463783000000007,0.36215801999999997,0.147408885
Cruzeiro,Criciúma,33,[0.8791 0.0925 0.0196],[0.8768 0.0887 0.0247],[0.8751 0.09   0.0253],[0.8816 0.0846 0.0229],[0.8726 0.0921 0.0262],[0.8788 0.0872 0.0239],[0.8004 0.1264 0.069 ],[0.886  0.0762 0.0224],[0.789  0.1586 0.0507],0.0581,0.05420661355185703,0.0549206118787929,0.05375056851000686,0.06813638796262442,0.05744067863722826,0.04868113956437587,0.023557220000000004,0.007750405000000001,0.023656019999999993,0.008232264999999997,0.0243401,0.008455090000000004,0.021700129999999988,0.007639904999999992,0.025399609999999993,0.008779829999999994,0.022864489999999994,0.007973724999999997,0.06057812,0.022608019999999993,0.019304199999999997,0.0073309999999999955,0.07224544999999997,0.02363482499999999,0.36215801999999997,0.147408885
Goiás,Bahia,33,[0.4432 0.355  0.2018],[0.443  0.3429 0.214 ],[0.4334 0.3479 0.2187],[0.4522 0.3386 0.2091],[0.4307 0.3493 0.22  ],[0.4497 0.3399 0.2104],[0.4008 0.2699 0.3292],[0.4346 0.3293 0.2361],[0.4242 0.3031 0.2726],0.029,0.033723350008691866,0.03136524808268739,0.035013831565668826,0.02894804723358405,0.03363070961613641,0.034015945799128935,0.47677447999999994,0.17537473999999997,0.4736254099999999,0.17804390999999994,0.48989965999999996,0.184432625,0.45845761000000007,0.17192474500000005,0.4945129799999999,0.18625124499999995,0.46263025999999996,0.173549125,0.54025929,0.23373956999999998,0.48385886,0.187710185,0.49772600999999994,0.20295546999999997,0.36215801999999997,0.147408885
Botafogo,Atlético-PR,33,[0.5303 0.277  0.1925],[0.5178 0.2534 0.2286],[0.5182 0.2559 0.2257],[0.5284 0.2487 0.2226],[0.512  0.2582 0.2295],[0.5206 0.2515 0.2276],[0.4489 0.2335 0.3175],[0.553  0.2151 0.2307],[0.3697 0.2611 0.369 ],0.0276,0.03632779557591945,0.037025179638840125,0.035944523579508815,0.04935771919789466,0.02964713970955092,0.06196477336872574,1.01000334,0.46647571,0.9273863600000001,0.4314331600000001,0.93355654,0.433881045,0.94540901,0.44154553,0.9224814899999999,0.42767606500000005,0.93087837,0.43358143,0.72183971,0.33359049,0.9438995000000001,0.44789402500000003,0.6030123,0.267293385,0.91675802,0.424708885
Flamengo,Coritiba,34,[0.4989 0.3066 0.1944],[0.4395 0.3102 0.2503],[0.4417 0.3093 0.2489],[0.4432 0.3109 0.2459],[0.4397 0.3093 0.251 ],[0.4405 0.3109 0.2486],[0.405  0.2475 0.3474],[0.4378 0.2685 0.2935],[0.323  0.3199 0.3571],0.0171,0.010818119545639004,0.010972735127903123,0.010648646230351234,0.020659940037338016,0.021921690407694053,0.009018571832334519,0.38289612999999995,0.14446573499999998,0.47303438,0.18840516999999998,0.46931659000000003,0.18684995000000001,0.46715186,0.18524652499999997,0.47260358,0.188468545,0.47150102,0.187421105,0.5359680099999999,0.23739062999999996,0.47430334,0.201164285,0.6881854199999999,0.292924705,0.36215801999999997,0.147408885
Santos,Cruzeiro,34,[0.4389 0.2715 0.2894],[0.4192 0.2611 0.3196],[0.4139 0.2602 0.3257],[0.4158 0.2627 0.3214],[0.4171 0.2596 0.3231],[0.4195 0.2621 0.3182],[0.3578 0.2126 0.429 ],[0.3081 0.2369 0.4546],[0.2333 0.2409 0.5254],0.0834,0.08769711174662101,0.08660886097779777,0.08851306352030375,0.07810656701535287,0.07993864699836643,0.10965980513913531,0.77129782,0.348650705,0.70684601,0.31926837,0.69369774,0.3128620299999999,0.70239889,0.31662595,0.6995581800000001,0.31594767,0.7095278999999999,0.32027942499999995,0.49926059999999994,0.22668868,0.44850838,0.19597538499999997,0.33770686000000005,0.139647345,0.91675802,0.424708885
Atlético-PR,Sport,34,[0.5221 0.3062 0.1716],[0.5371 0.2691 0.1936],[0.5335 0.2711 0.1953],[0.5376 0.2673 0.1949],[0.5357 0.2713 0.1929],[0.5404 0.2674 0.192 ],[0.446  0.2556 0.2983],[0.5983 0.2343 0.1669],[0.4094 0.3007 0.2899],0.0844,0.08353572581215075,0.08453819861437424,0.08246895443138202,0.1142325070931825,0.06359648625307797,0.11676423752763011,1.05259341,0.47933465500000005,1.01117218,0.469217445,1.0056595499999998,0.46600171,1.00864906,0.46843890499999996,1.01198859,0.46911174999999994,1.01639892,0.47228652000000004,0.75663025,0.345579285,1.10691499,0.5255929500000001,0.7622708599999999,0.33592518499999996,0.91675802,0.424708885
Bahia,Corinthians,34,[0.3338 0.4293 0.2369],[0.309  0.3847 0.3062],[0.3131 0.3837 0.3031],[0.3049 0.3848 0.3104],[0.3152 0.3839 0.3008],[0.307  0.3848 0.3082],[0.3323 0.2905 0.3772],[0.3361 0.3362 0.3276],[0.227  0.3122 0.4608],0.0395,0.041665850399033075,0.041288307978042255,0.04183194781913217,0.06717366058657488,0.057092932088615926,0.07270153034174516,0.87804254,0.34687202500000003,0.72483353,0.28835035000000003,0.7309269100000001,0.29178093,0.71658321,0.284325055,0.73561089,0.29404593000000007,0.7209072799999999,0.28641812,0.58269338,0.24915156500000002,0.67811541,0.28247525500000004,0.43973448,0.17113282,0.91675802,0.424708885
Internacional,Goiás,34,[0.7101 0.2102 0.079 ],[0.6548 0.2349 0.11  ],[0.6424 0.2401 0.1173],[0.66   0.2322 0.1075],[0.6429 0.24   0.1169],[0.6604 0.2322 0.107 ],[0.6079 0.2091 0.1825],[0.7135 0.194  0.0916],[0.6072 0.2449 0.1476],0.1763,0.19100265824786755,0.18965611260974272,0.19105887742495747,0.14243383118609948,0.16059836342393435,0.1675919662600872,0.13446705000000003,0.045197295000000026,0.18644104999999997,0.06566460999999998,0.19928506,0.07084202500000002,0.18107308999999996,0.06361046499999999,0.19878601999999995,0.07061643,0.180694,0.06343154000000001,0.23077146999999998,0.09361583000000001,0.12810881,0.04531965499999999,0.23605361000000002,0.08808317000000003,0.36215801999999997,0.147408885
Fluminense,Botafogo,34,[0.7787 0.1503 0.0669],[0.7263 0.1717 0.0996],[0.7045 0.1825 0.1112],[0.7296 0.17   0.0979],[0.7076 0.181  0.1095],[0.7338 0.1679 0.0957],[0.6451 0.1795 0.1736],[0.7591 0.1418 0.092 ],[0.7064 0.1803 0.1113],0.115,0.11576786762673708,0.11843492249055325,0.11459391669543699,0.10104145309685998,0.0752718576104883,0.1152299212342985,0.07603939000000003,0.027015750000000015,0.11431274000000002,0.042660725000000024,0.13299193999999998,0.050046244999999996,0.11160057,0.04160128499999999,0.13024901,0.04895566499999999,0.10821133999999999,0.040266045,0.18831122,0.078361205,0.08660405,0.033952015,0.13109674,0.049520924999999986,0.36215801999999997,0.147408885
São Paulo,Palmeiras,34,[0.8577 0.0801 0.0347],[0.8331 0.0983 0.0509],[0.8259 0.1031 0.0549],[0.8347 0.0981 0.0499],[0.8264 0.1024 0.0547],[0.8355 0.0971 0.0495],[0.7585 0.1215 0.1065],[0.7464 0.142  0.1029],[0.6724 0.206  0.1207],0.0933,0.09988982351027191,0.09925392152688996,0.10069272659642428,0.07325892190575245,0.08830179153676646,0.13830954635393253,0.027869389999999997,0.012437190000000002,0.040109310000000016,0.01643743000000001,0.04395443000000001,0.01780551000000001,0.03943771,0.016069610000000005,0.04361480999999999,0.01773932499999999,0.03893890999999999,0.015961709999999997,0.08442675000000002,0.03645225000000002,0.09506537000000004,0.03842160500000002,0.16432624999999998,0.061054565000000005,0.36215801999999997,0.147408885
Atlético-MG,Figueirense,34,[0.7559 0.1628 0.078 ],[0.7406 0.1659 0.0909],[0.7394 0.1679 0.0903],[0.7522 0.1598 0.085 ],[0.7332 0.1708 0.0938],[0.7447 0.1633 0.0892],[0.6364 0.1775 0.1839],[0.7359 0.1547 0.1043],[0.5462 0.2365 0.2168],0.0735,0.07872549062658853,0.08089222646229909,0.07755711649745511,0.07950571120388325,0.0713226018954346,0.11240173218752456,1.27837265,0.28900269500000003,1.2524739800000002,0.278618685,1.24725686,0.2776557049999999,1.27896588,0.28677892,1.23395332,0.27340154,1.26260162,0.281524965,1.11533042,0.219821505,1.26695939,0.27677159,0.9282689300000001,0.17277699000000002,0.8609580199999999,0.156308885
Criciúma,Grêmio,34,[0.1079 0.5433 0.3488],[0.1467 0.4466 0.4068],[0.1433 0.4424 0.4142],[0.1462 0.4446 0.4092],[0.145  0.4448 0.4102],[0.1483 0.4475 0.4041],[0.1527 0.3458 0.5015],[0.1481 0.4113 0.4406],[0.241  0.3943 0.3648],0.01,0.020983389428443067,0.02147442570968341,0.020638984551256262,0.0390350323886612,0.027462324250750465,0.019523431423825812,0.7308787400000001,0.217851925,0.5728586899999999,0.18676289499999996,0.55941429,0.181789695,0.56808824,0.18520954,0.56673608,0.18444452,0.57734595,0.18848526999999998,0.39139718000000007,0.13590977,0.50402966,0.167430985,0.61703253,0.23084354999999998,0.91675802,0.424708885
Chapecoense,Vitória,34,[0.5496 0.2921 0.1581],[0.5041 0.2896 0.2062],[0.4999 0.2911 0.209 ],[0.5152 0.2846 0.2002],[0.4964 0.2925 0.211 ],[0.5105 0.2866 0.2028],[0.4872 0.2376 0.275 ],[0.6189 0.2298 0.1508],[0.3534 0.3133 0.3333],0.0771,0.09571383932728941,0.0979847694679458,0.0936326753055224,0.09644167225480434,0.060954459676786636,0.1360641196262924,1.09617818,0.5052595449999999,0.9681034100000001,0.44203825500000005,0.9603202200000001,0.43779050500000005,0.9861082400000001,0.4525555400000001,0.9544902100000001,0.43438809,0.97827765,0.44798933499999993,0.8194426,0.38134946,1.1569858899999999,0.5516645750000001,0.6675373400000001,0.284690225,0.91675802,0.424708885
Botafogo,Figueirense,35,[0.5327 0.2687 0.1984],[0.5795 0.2427 0.1775],[0.5811 0.2442 0.1744],[0.5919 0.2371 0.1706],[0.5745 0.2467 0.1785],[0.5834 0.2403 0.176 ],[0.4441 0.2263 0.3294],[0.6415 0.206  0.1514],[0.391  0.279  0.3299],0.0743,0.06835245002193409,0.07055041135696066,0.06699015847829731,0.08774431625976521,0.04873497418052587,0.10572573233018619,0.9985315399999999,0.46300564499999985,1.07122979,0.50591659,1.0789262099999999,0.5093986949999998,1.09446638,0.5187933849999999,1.06577339,0.50220989,1.0770756500000003,0.5094186700000001,0.69814086,0.323330505,1.17408021,0.5648898549999999,0.67975601,0.3008905050000001,0.91675802,0.424708885
Fluminense,Chapecoense,35,[0.7322 0.1859 0.0803],[0.7135 0.1902 0.0951],[0.7031 0.1948 0.1011],[0.7171 0.1883 0.0934],[0.704  0.1944 0.1005],[0.7181 0.1879 0.0927],[0.6194 0.1937 0.1859],[0.7654 0.1469 0.0829],[0.6804 0.2062 0.1126],0.0005,0.0006971788612079409,0.0007832497439309187,0.0006639083272713068,0.0036167294629294465,0.0010747024950029849,0.0009428642757110776,1.41652374,0.6895135049999999,1.3641023,0.66287869,1.3403178599999999,0.6502875099999998,1.37161286,0.6669915049999999,1.34250761,0.6513698849999999,1.3741673099999998,0.6682526499999999,1.0839348599999998,0.5223944849999999,1.4484891800000002,0.709075745,1.29294136,0.6245021800000001,0.91675802,0.424708885
Atlético-PR,Santos,35,[0.3823 0.3028 0.3149],[0.3995 0.2825 0.318 ],[0.3967 0.2832 0.32  ],[0.4008 0.2804 0.3187],[0.397  0.2847 0.3182],[0.4011 0.2822 0.3167],[0.3122 0.2279 0.4597],[0.4719 0.2506 0.2772],[0.3412 0.267  0.3918],0.1331,0.1319182486897803,0.13243493155618632,0.131812223283821,0.10726258660528823,0.118964033435672,0.12692429361530522,0.7314031400000001,0.12265764999999998,0.7755305,0.13036212500000002,0.7735731299999999,0.12991745500000002,0.78003449,0.13113704499999998,0.77051433,0.12946195000000002,0.77641694,0.13059004999999999,0.90493134,0.15448844499999997,0.8611298100000001,0.14984797500000002,0.80721368,0.13496233999999996,0.8609580199999999,0.156308885
Vitória,Coritiba,35,[0.4337 0.3195 0.2468],[0.4366 0.2978 0.2656],[0.4372 0.2962 0.2665],[0.4327 0.2968 0.2705],[0.4387 0.2969 0.2644],[0.4346 0.2977 0.2676],[0.3576 0.2419 0.4004],[0.3765 0.2868 0.3366],[0.3352 0.3193 0.3455],0.132,0.13170751060821698,0.13155581667578914,0.13186138830407668,0.11442596758290131,0.1331683411390551,0.13489228224817046,0.7120861799999999,0.124502965,0.7542477599999999,0.13058146,0.75750053,0.13110970499999997,0.7548897800000001,0.13019976999999996,0.7567146600000001,0.131182525,0.7537122099999999,0.13027023000000001,0.8629135299999999,0.14413901,0.76370605,0.127559575,0.6950817800000001,0.11586464500000002,0.8609580199999999,0.156308885
Criciúma,Bahia,35,[0.2431 0.4507 0.3062],[0.2565 0.4009 0.3427],[0.2468 0.4027 0.3504],[0.2611 0.3986 0.3403],[0.2472 0.4044 0.3485],[0.262  0.4002 0.3378],[0.2416 0.3042 0.4542],[0.2707 0.3718 0.3575],[0.2692 0.3721 0.3587],0.1775,0.19678911937113394,0.20138785479970692,0.1941661100269464,0.20087740797350678,0.18651420432407162,0.187227888458679,0.7435865399999999,0.270228025,0.65855635,0.24898351,0.6450576899999999,0.24138025,0.6622592599999999,0.25168864999999996,0.64909945,0.24284520499999998,0.66731288,0.25357642,0.4488058400000001,0.17813410000000005,0.6243199800000001,0.24304237000000006,0.6221927399999999,0.241867165,0.91675802,0.424708885
Goiás,Corinthians,35,[0.3337 0.3881 0.2782],[0.309  0.3671 0.3239],[0.312  0.3644 0.3237],[0.3082 0.368  0.3238],[0.3126 0.3642 0.3233],[0.3088 0.3679 0.3233],[0.3192 0.2683 0.4125],[0.3082 0.3288 0.3629],[0.2478 0.3216 0.4306],0.1441,0.17006793235788983,0.16809222593951706,0.1703220304302285,0.1497503654427074,0.15741163512850043,0.17622751682506238,0.7829725399999999,0.316175465,0.6873546199999998,0.27629610499999996,0.68751305,0.27743048500000006,0.68765768,0.2761168399999999,0.6882832900000001,0.27788850500000006,0.6886307400000001,0.27664016500000005,0.5190297800000001,0.22352244499999993,0.60899309,0.250378125,0.48904776000000005,0.19281060000000003,0.91675802,0.424708885
Grêmio,Cruzeiro,35,[0.4204 0.4104 0.1693],[0.4082 0.3426 0.2492],[0.4084 0.3398 0.2518],[0.4066 0.3443 0.2491],[0.4094 0.339  0.2516],[0.4076 0.3436 0.2489],[0.3745 0.2874 0.3381],[0.3598 0.3002 0.34  ],[0.1483 0.2322 0.6191],0.0292,0.04303459194243756,0.04429553852608271,0.04276366090553425,0.06321610981840164,0.06931699685648328,0.09231379232005793,1.03522681,0.433482405,0.8477026400000001,0.3651639400000001,0.8420578399999998,0.3632968999999999,0.84771686,0.36458718500000004,0.8426319199999999,0.36385545999999996,0.84834993,0.3652196050000001,0.6609606199999999,0.28918092999999995,0.6551760799999999,0.28252802,0.22099454000000002,0.08338664999999998,0.91675802,0.424708885
São Paulo,Internacional,35,[0.4889 0.2531 0.2576],[0.507  0.2369 0.2556],[0.5077 0.2349 0.2569],[0.5112 0.2368 0.2515],[0.5069 0.2349 0.2577],[0.51   0.237  0.2525],[0.3951 0.2071 0.397 ],[0.5147 0.2145 0.2695],[0.4662 0.2579 0.2757],0.1145,0.11129507876019208,0.10985819232620912,0.11151334647693795,0.08646368952416474,0.09121133655918769,0.12264340830351357,0.8632405800000001,0.152793685,0.90470197,0.16131823,0.90913491,0.16200715,0.9070519300000001,0.16241484499999997,0.90873491,0.16180755,0.90602525,0.16205462499999998,0.9424034199999999,0.15717474499999998,0.95455659,0.16912521,0.84406534,0.146731645,0.8609580199999999,0.156308885
Palmeiras,Sport,35,[0.389  0.3424 0.2686],[0.3816 0.3121 0.3063],[0.3812 0.312  0.3067],[0.3833 0.3136 0.3031],[0.3827 0.3111 0.3062],[0.385  0.3123 0.3027],[0.3286 0.2559 0.4155],[0.4873 0.2745 0.2381],[0.3401 0.3517 0.3082],0.0441,0.05810033311261332,0.05799871143818166,0.057231763011491806,0.07673912872208968,0.040099832829197116,0.06036139328342934,0.8035047200000001,0.34313348000000005,0.72424466,0.313419125,0.72332233,0.31291984500000003,0.73093346,0.31629425,0.72460094,0.313908865,0.7319835800000001,0.317226145,0.51510302,0.224809105,0.89330315,0.40890027000000007,0.7179481400000001,0.297127625,0.91675802,0.424708885
Atlético-MG,Flamengo,35,[0.6978 0.2036 0.0974],[0.6894 0.1987 0.1109],[0.6839 0.2033 0.1118],[0.6873 0.2012 0.1106],[0.6852 0.2015 0.1123],[0.6891 0.1988 0.111 ],[0.6095 0.1944 0.1951],[0.7315 0.1537 0.109 ],[0.5458 0.2401 0.2137],0.0415,0.04656802151941879,0.045502117509311074,0.046512151584331224,0.0323915461643678,0.0568554523333156,0.024195215266732423,0.14226456000000004,0.05052412000000001,0.14825286,0.054497485,0.15374934000000004,0.05632202500000002,0.15049509,0.05510717499999999,0.15231257999999998,0.05596846499999999,0.14850124999999997,0.054613214999999986,0.22834561999999997,0.09547322999999998,0.10759693999999999,0.042652464999999994,0.30961334,0.12606830500000005,0.36215801999999997,0.147408885
Flamengo,Criciúma,36,[0.6561 0.2658 0.0779],[0.613  0.2776 0.1093],[0.6105 0.2799 0.1095],[0.6223 0.273  0.1046],[0.6056 0.2824 0.112 ],[0.6162 0.2761 0.1076],[0.5722 0.2479 0.1798],[0.6192 0.2531 0.1276],[0.4796 0.3412 0.1792],0.0877,0.09440229919729312,0.09519156087750534,0.0937051684906045,0.1045571636317901,0.10371644008993278,0.11267795226515871,0.97558526,0.21828343000000003,0.90957725,0.19386868499999999,0.90324451,0.19236121000000003,0.9267274499999999,0.19910969499999998,0.89424512,0.18964768,0.9153114099999999,0.19565086999999998,0.92539529,0.17988843000000002,0.9575500100000001,0.19985797,0.6961462400000001,0.13106440000000003,0.8609580199999999,0.156308885
Sport,Fluminense,36,[0.3105 0.3202 0.3692],[0.3249 0.2944 0.3806],[0.3248 0.2924 0.3828],[0.3284 0.2951 0.3765],[0.3231 0.2924 0.3845],[0.3262 0.295  0.3787],[0.2698 0.2334 0.4965],[0.2373 0.2567 0.5058],[0.2131 0.2873 0.4996],0.0414,0.0388303428454055,0.0395755477988534,0.03863656436877505,0.047998042699400195,0.045009958379417084,0.03057593191205923,0.69484693,0.11639637499999998,0.74828773,0.125246255,0.75272864,0.12601544,0.7464828200000001,0.12479940500000003,0.75293162,0.12611693000000002,0.7468451300000001,0.124947945,0.9069798499999998,0.159801185,0.8646398200000001,0.156173665,0.80295306,0.14750588500000003,0.8609580199999999,0.156308885
Santos,São Paulo,36,[0.6222 0.2074 0.1687],[0.5564 0.2261 0.2168],[0.5527 0.2266 0.22  ],[0.5558 0.2268 0.2167],[0.554  0.2261 0.2192],[0.5575 0.2263 0.2155],[0.4978 0.1956 0.3051],[0.4167 0.2242 0.3582],[0.2957 0.2537 0.4504],0.0428,0.05725708466090247,0.05720010021325115,0.05749217742176711,0.050109481606021626,0.052634438926129554,0.10180963657509791,1.12120729,0.537685945,0.97410441,0.46094385,0.96522485,0.45639313499999995,0.9739107699999999,0.460688445,0.96768585,0.45773625000000007,0.9774581899999999,0.46257459000000006,0.7689502100000001,0.364305325,0.6358117699999999,0.292196255,0.45386234,0.19463944499999997,0.91675802,0.424708885
Cruzeiro,Goiás,36,[0.8137 0.1287 0.0513],[0.7747 0.1496 0.0722],[0.7673 0.1536 0.0759],[0.781  0.1463 0.069 ],[0.7665 0.1538 0.0764],[0.78   0.1467 0.0695],[0.6935 0.1612 0.1423],[0.8348 0.1066 0.0478],[0.7441 0.1657 0.0877],0.0805,0.08534382772726112,0.08673254239027448,0.08446053870198007,0.09657937895664877,0.07466718786236669,0.08967853800409563,0.053903070000000004,0.019032570000000002,0.07835308999999997,0.028251414999999978,0.08350306000000002,0.03020817000000001,0.07412569,0.026629989999999996,0.08401365000000002,0.03044261500000002,0.07475114,0.02689366499999999,0.14017698,0.05753166999999999,0.04093944000000001,0.015420820000000003,0.10063259000000001,0.03681355000000001,0.36215801999999997,0.147408885
Figueirense,Vitória,36,[0.5978 0.2427 0.1589],[0.5063 0.2639 0.2297],[0.4992 0.2659 0.2348],[0.5126 0.2597 0.2275],[0.4992 0.267  0.2337],[0.5122 0.2611 0.2265],[0.5062 0.2147 0.2786],[0.558  0.2515 0.1903],[0.3932 0.2973 0.3095],0.1138,0.10124726274830763,0.1003182377002283,0.1018962336095458,0.07870999415348914,0.1148428638211199,0.07832925543270514,0.24591733999999998,0.093602725,0.36614499,0.14827387,0.37663449000000004,0.15298933,0.35675910000000005,0.14470304500000003,0.37670533,0.152731545,0.35742430000000003,0.144670885,0.36755249,0.16086775,0.2948303399999999,0.11582714499999996,0.55238378,0.231998245,0.36215801999999997,0.147408885
Corinthians,Grêmio,36,[0.2574 0.5644 0.1782],[0.3631 0.4469 0.19  ],[0.3593 0.4433 0.1975],[0.3652 0.4477 0.1872],[0.3598 0.4428 0.1975],[0.3658 0.4472 0.187 ],[0.3294 0.3618 0.3087],[0.4097 0.3825 0.2079],[0.5138 0.3127 0.1735],0.1766,0.22963566896201595,0.22593776614589167,0.2313162321320414,0.18936299850444083,0.2181192821943102,0.2088072611058164,0.9017573599999998,0.29160499999999995,0.64146122,0.220870805,0.6460176300000001,0.22473163000000002,0.6384501700000002,0.21898873000000005,0.64493413,0.22441140499999998,0.63716648,0.21858932,0.67589929,0.272530905,0.5379827500000001,0.19581747000000002,0.36427398,0.133246345,0.36215801999999997,0.147408885
Coritiba,Palmeiras,36,[0.7182 0.1993 0.0815],[0.6689 0.2169 0.1136],[0.6587 0.2208 0.1199],[0.6716 0.2164 0.1115],[0.6591 0.2206 0.1198],[0.6722 0.216  0.1112],[0.6375 0.1923 0.1693],[0.6142 0.2215 0.1635],[0.4534 0.3217 0.2249],0.1514,0.14941562937893668,0.14614184973611172,0.15093385253541655,0.11381111574017648,0.116971842688482,0.10203181365153048,0.12577398,0.04310924500000001,0.16957777999999996,0.06133460499999998,0.17961434000000004,0.06550315000000002,0.16710777000000002,0.06019540500000001,0.17922921,0.06534257499999999,0.16647428,0.05997622,0.19704803000000004,0.08018755000000001,0.22463614000000004,0.08791838500000002,0.45284246,0.174675785,0.36215801999999997,0.147408885
Internacional,Atlético-MG,36,[0.5693 0.2672 0.1632],[0.5654 0.2474 0.187 ],[0.5413 0.2555 0.203 ],[0.5641 0.2493 0.1864],[0.5484 0.2522 0.1991],[0.573  0.245  0.1816],[0.4839 0.223  0.2928],[0.6119 0.1977 0.1884],[0.534  0.24   0.2257],0.093,0.09364843463004527,0.09326724054137307,0.09378376408276869,0.09394443471706368,0.0975396136168674,0.09715259534633733,0.28353257,0.10611741499999998,0.28505292000000004,0.11196052000000001,0.31689494,0.125847985,0.28690425999999997,0.11241420499999999,0.30718820999999996,0.121851505,0.27533256000000006,0.10772658000000003,0.40182005000000004,0.17613345500000002,0.22520146,0.093438885,0.32569648999999995,0.134116045,0.36215801999999997,0.147408885
Chapecoense,Botafogo,36,[0.5237 0.3059 0.1704],[0.4701 0.2996 0.2302],[0.4541 0.3061 0.2398],[0.4733 0.2983 0.2283],[0.4563 0.3051 0.2386],[0.4766 0.2968 0.2265],[0.4507 0.2475 0.3017],[0.4928 0.2466 0.2602],[0.397  0.2911 0.3119],0.1111,0.10291243541440957,0.09957813798632992,0.10439045784677851,0.08322408675859627,0.08560525196240043,0.07789787719308218,0.34947265999999994,0.12794892499999996,0.42354621000000003,0.166916055,0.44920806,0.17775542500000002,0.4185166699999999,0.16478972999999997,0.4456256600000001,0.17626982500000005,0.41334004999999996,0.16264756499999997,0.45400963000000005,0.19640687000000004,0.38576743999999996,0.16258218,0.5456298199999999,0.23044530499999996,0.36215801999999997,0.147408885
Bahia,Atlético-PR,36,[0.5469 0.3011 0.152 ],[0.4956 0.2907 0.2137],[0.4915 0.2942 0.2143],[0.5002 0.2863 0.2134],[0.4894 0.2964 0.2141],[0.4974 0.2889 0.2136],[0.4799 0.249  0.271 ],[0.4576 0.2702 0.2721],[0.3449 0.2799 0.3751],0.0343,0.046196969914851935,0.04511693453540176,0.04654778249450115,0.06041636816407279,0.06411529717309566,0.07933816276534894,1.10886482,0.5091018050000001,0.9483935400000001,0.431943525,0.9454503800000001,0.42944837,0.95090729,0.43439115,0.94500413,0.42849700500000004,0.94929493,0.43283723,0.8237460099999999,0.38079961500000004,0.81224421,0.36954530500000005,0.5878000299999999,0.25466553000000003,0.91675802,0.424708885
Fluminense,Corinthians,37,[0.5419 0.2936 0.1644],[0.4995 0.2883 0.2121],[0.4974 0.285  0.2176],[0.4989 0.2898 0.2113],[0.4988 0.2847 0.2165],[0.5003 0.2895 0.2101],[0.4739 0.2353 0.2906],[0.5971 0.2332 0.1693],[0.4785 0.2891 0.2323],0.0021,0.0011088233338515498,0.0012344482404287053,0.001067589246764144,0.002704408675609741,0.0033717982263363035,0.0011579459746051835,0.32308392999999996,0.11845793499999994,0.3786035499999999,0.14776454999999994,0.38118151999999994,0.14997825999999997,0.37973293999999996,0.14787445,0.37912778,0.14903684499999997,0.37765235,0.14694207000000004,0.41659566000000003,0.18067294499999997,0.24537314000000005,0.09556333000000003,0.4095043500000001,0.16298601000000001,0.36215801999999997,0.147408885
São Paulo,Figueirense,37,[0.7634 0.1391 0.0882],[0.7744 0.1338 0.0834],[0.7666 0.1379 0.0878],[0.7852 0.1276 0.0775],[0.763  0.1399 0.0897],[0.781  0.1301 0.0797],[0.6212 0.1669 0.207 ],[0.7654 0.1329 0.0913],[0.683  0.1909 0.1245],0.0594,0.06102345894699013,0.06390888833231594,0.05929537636924748,0.061093541692724775,0.057609391555326295,0.09077744223040997,1.33170761,0.29618615000000004,1.3569533599999999,0.30409658,1.3386008099999998,0.29842755,1.3836270500000003,0.31211848500000006,1.3299870999999999,0.295826085,1.3730391000000002,0.30897442500000005,1.1227940499999998,0.21540752999999999,1.3460352599999998,0.298144105,1.1366320600000002,0.241196385,0.8609580199999999,0.156308885
Santos,Botafogo,37,[0.7001 0.2065 0.0924],[0.6466 0.2248 0.1281],[0.6264 0.2351 0.1381],[0.649  0.2236 0.1268],[0.6301 0.2333 0.1361],[0.6541 0.2211 0.1243],[0.5954 0.2041 0.1999],[0.5845 0.2277 0.1872],[0.5655 0.2391 0.1949],0.1447,0.14172885011451952,0.13923711446159256,0.14302336007316666,0.10445769545048866,0.10704605306006869,0.10852633766043158,0.14112002,0.04933228500000002,0.19183621000000003,0.07071488500000003,0.21392058000000003,0.07937968500000002,0.18927619999999998,0.06971606,0.20977811000000002,0.07774291000000001,0.18398251000000002,0.06761105,0.24531797999999994,0.10195088499999996,0.25953138,0.103954725,0.28394507,0.11348583,0.36215801999999997,0.147408885
Chapecoense,Cruzeiro,37,[0.2793 0.298  0.4227],[0.2561 0.2664 0.4774],[0.2547 0.2651 0.48  ],[0.2544 0.2672 0.4783],[0.2556 0.2647 0.4796],[0.2555 0.2667 0.4777],[0.2353 0.2049 0.559 ],[0.2285 0.2139 0.5564],[0.1325 0.2099 0.6567],0.1311,0.12550897228632735,0.1249251734766161,0.1255766594364554,0.09517433508454465,0.09603720078120936,0.0987329972326119,0.74948778,0.12834189000000004,0.83166693,0.146796735,0.8353500999999999,0.14773208499999996,0.83048609,0.14679296499999997,0.8360136100000001,0.14772173,0.8312064300000002,0.14678655,1.0000311000000002,0.184371385,0.97974642,0.181565725,1.07306915,0.22499740999999998,0.8609580199999999,0.156308885
Atlético-PR,Goiás,37,[0.5153 0.2871 0.1975],[0.5217 0.2721 0.206 ],[0.5132 0.2757 0.211 ],[0.5251 0.2689 0.2059],[0.514  0.2767 0.2092],[0.526  0.2701 0.2037],[0.4225 0.2406 0.3369],[0.6032 0.2319 0.1644],[0.4553 0.2741 0.2705],0.1558,0.15744300733415462,0.1600976538241344,0.15668937775037511,0.1186348912807193,0.13890268319672844,0.13061383922722677,0.35636675000000007,0.13698993,0.3452452999999999,0.13564468499999996,0.35750572999999997,0.14076873,0.34023203,0.13398300999999999,0.35652353000000003,0.14000125,0.33912370000000003,0.13312562499999997,0.50489622,0.22350393,0.23825521000000005,0.09232125000000004,0.44499914999999995,0.18496122999999998,0.36215801999999997,0.147408885
Atlético-MG,Coritiba,37,[0.6676 0.2252 0.1066],[0.631  0.2283 0.1402],[0.6365 0.2269 0.1362],[0.633  0.2285 0.138 ],[0.6335 0.2274 0.1386],[0.6293 0.2292 0.1411],[0.5669 0.2086 0.2239],[0.6465 0.1952 0.1565],[0.453  0.2709 0.276 ],0.0278,0.03559843667874126,0.03521021119824545,0.03576076322049946,0.05604089562696222,0.043950132228461725,0.06480176737250266,1.29456836,0.62139098,1.18953793,0.56827887,1.2027663,0.5752959849999999,1.1959452499999998,0.57143575,1.1950429699999998,0.571235655,1.18626034,0.5665204499999998,0.96722078,0.46138811,1.16755754,0.56321219,0.80277181,0.36462011,0.91675802,0.424708885
Bahia,Grêmio,37,[0.2069 0.5538 0.2393],[0.2655 0.455  0.2795],[0.2644 0.4558 0.2798],[0.2641 0.453  0.283 ],[0.266  0.4565 0.2775],[0.2659 0.4536 0.2805],[0.2675 0.3591 0.3734],[0.2915 0.4199 0.2887],[0.358  0.3272 0.3147],0.1455,0.18007580767459125,0.1807777604528608,0.17988324311788237,0.1627910698391607,0.18138122863080497,0.15452067120891858,0.99296654,0.34313605,0.8246355,0.30880525,0.82714904,0.3096977,0.8268468099999999,0.310790615,0.8241545000000001,0.307881125,0.82333602,0.30879153,0.8049366199999998,0.3379919049999999,0.76163595,0.29263111,0.61825993,0.255631525,0.36215801999999997,0.147408885
Internacional,Palmeiras,37,[0.8519 0.1096 0.0314],[0.8081 0.1352 0.0528],[0.7989 0.1403 0.0572],[0.8086 0.1354 0.0522],[0.8    0.1395 0.0569],[0.8101 0.1343 0.0517],[0.7644 0.1384 0.0932],[0.7537 0.1595 0.0838],[0.5969 0.2573 0.1456],0.0659,0.06259660395364677,0.06364665324248041,0.062074266355246224,0.07424746797675781,0.06977364477499784,0.042089710755306646,0.03493173,0.011733135,0.057892489999999984,0.020027854999999994,0.06339713999999998,0.022075404999999985,0.05769196000000001,0.019892200000000006,0.06269785999999998,0.021836604999999988,0.056771389999999984,0.019584289999999994,0.08334816,0.03248560000000001,0.09312637999999998,0.034103464999999986,0.24989225999999998,0.09187364500000002,0.36215801999999997,0.147408885
Criciúma,Sport,37,[0.2931 0.4436 0.2633],[0.2821 0.3878 0.3301],[0.2776 0.3883 0.3341],[0.2811 0.3868 0.332 ],[0.2807 0.3889 0.3304],[0.285  0.3875 0.3275],[0.2837 0.3158 0.4005],[0.331  0.3554 0.3136],[0.2208 0.3969 0.3823],0.0194,0.013856087623716526,0.013669711565882134,0.013945117459527864,0.022240939668720153,0.02017289894116396,0.01089511638529031,0.46481546,0.07761725,0.5633352600000001,0.09427321000000002,0.56286146,0.09434228500000003,0.56525545,0.09465381500000003,0.56139986,0.09397832500000002,0.5636375000000001,0.094240625,0.7090155799999999,0.12044296999999998,0.6234151200000001,0.10395298,0.55863554,0.09745296500000003,0.8609580199999999,0.156308885
Flamengo,Vitória,37,[0.6056 0.2534 0.1407],[0.5246 0.2716 0.2037],[0.5205 0.2736 0.2058],[0.5392 0.2668 0.1939],[0.5158 0.2748 0.2093],[0.5328 0.2686 0.1984],[0.5024 0.2272 0.2701],[0.5679 0.242  0.1897],[0.386 0.303 0.311],0.0248,0.019016158005801944,0.01801955413045833,0.019976665531495633,0.01834558936606344,0.026118299966704787,0.007770545058488499,0.23955940999999997,0.087716225,0.3412654100000001,0.13376980500000002,0.34713085000000005,0.13615753500000002,0.32111608999999997,0.12498632499999998,0.3537711699999999,0.139149005,0.32978435999999994,0.12885891999999993,0.37217961000000005,0.160361005,0.2812605,0.11142429000000002,0.565526,0.23685849999999997,0.36215801999999997,0.147408885
Corinthians,Criciúma,38,[0.6826 0.2694 0.0478],[0.7209 0.2265 0.0524],[0.7182 0.2276 0.054 ],[0.7276 0.2219 0.0502],[0.7143 0.2304 0.055 ],[0.723  0.2253 0.0514],[0.6473 0.2329 0.1196],[0.7464 0.1973 0.0557],[0.5859 0.3088 0.1053],0.063,0.04926577650324441,0.050255139281472565,0.048850061531014115,0.07385266607681398,0.06048740995248516,0.05336834028252009,0.17560396,0.05152340000000001,0.13194482000000002,0.040331805000000005,0.13412900000000003,0.04117446000000002,0.12596141,0.038376049999999995,0.13773364999999999,0.04234133499999998,0.13013105000000003,0.03970099000000001,0.19294386000000002,0.069374685,0.10634274000000003,0.03374150500000002,0.27792434,0.09128345,0.36215801999999997,0.147408885
Figueirense,Internacional,38,[0.3208 0.3072 0.372 ],[0.2852 0.2888 0.426 ],[0.2874 0.2872 0.4253],[0.2817 0.2869 0.4313],[0.2896 0.2885 0.4219],[0.2843 0.2886 0.4271],[0.2749 0.2203 0.5045],[0.2739 0.2659 0.46  ],[0.2277 0.2759 0.4963],0.0781,0.08136279770254339,0.08121586807941951,0.08146791238104698,0.09546518466191643,0.08988639626229153,0.08688363844117589,0.59166848,0.24864831999999992,0.4942204800000001,0.20540752000000007,0.49536269,0.206381965,0.48508619,0.20133043,0.5013000200000001,0.20903388500000006,0.49233086,0.20452044999999996,0.36962235000000004,0.16039657,0.43732402000000004,0.18320264500000003,0.38168179,0.15273013000000002,0.91675802,0.424708885
Botafogo,Atlético-MG,38,[0.3369 0.3062 0.3569],[0.3789 0.2743 0.3467],[0.3719 0.2798 0.3482],[0.3781 0.2756 0.3463],[0.375  0.2777 0.3471],[0.3817 0.273  0.3452],[0.2902 0.2204 0.4891],[0.4501 0.2181 0.3306],[0.2964 0.2429 0.4603],0.1171,0.08791103223427196,0.09240304342380024,0.0862610165212842,0.04596736972115964,0.02818630340880219,0.05482675973723433,0.72223766,0.12043961,0.79040659,0.13191772999999998,0.7782408899999999,0.12981125500000001,0.7876386599999999,0.13144165000000002,0.7828206999999999,0.13062116499999998,0.7933869299999999,0.13246349499999996,0.93121101,0.161864245,0.92325398,0.156341345,0.8729294599999999,0.150048805,0.8609580199999999,0.156308885
Sport,São Paulo,38,[0.3885 0.2873 0.3241],[0.3767 0.2664 0.3567],[0.3729 0.2663 0.3607],[0.3785 0.2672 0.3542],[0.372  0.2657 0.3622],[0.3774 0.2665 0.3559],[0.3152 0.218  0.4664],[0.3059 0.2322 0.4613],[0.2141 0.2706 0.5152],0.1117,0.1007865386707535,0.09916668645665981,0.10101732954683898,0.07756817752317043,0.05956693114612477,0.08645505924006179,0.5615143499999999,0.23951894999999998,0.58670674,0.25794026999999997,0.5942745899999999,0.26171553000000003,0.5831157299999999,0.255895375,0.59616933,0.26282265000000005,0.5853178200000001,0.257219005,0.7340040000000001,0.3434267200000001,0.7484893399999999,0.34756338999999997,0.95629421,0.4415864550000001,0.36215801999999997,0.147408885
Palmeiras,Atlético-PR,38,[0.403  0.2953 0.3016],[0.3778 0.2707 0.3514],[0.3738 0.2714 0.3548],[0.3867 0.2695 0.3436],[0.3708 0.2723 0.3568],[0.3829 0.2707 0.3463],[0.3231 0.2266 0.45  ],[0.43   0.2444 0.3253],[0.3612 0.2949 0.3438],0.1312,0.12851398238984824,0.1291312446695532,0.12847435180097655,0.10627869221111741,0.11386998940952281,0.13453422353855016,0.74997365,0.12671595,0.7980932900000001,0.13314255,0.79646744,0.13280474,0.8012280999999999,0.133867685,0.7943461700000001,0.13243513,0.7984145900000001,0.13330269000000003,0.90504117,0.15358189500000002,0.8616514500000001,0.14545772499999998,0.7458298900000001,0.12436633,0.8609580199999999,0.156308885
Coritiba,Bahia,38,[0.4712 0.351  0.1778],[0.4764 0.3261 0.1975],[0.4621 0.3308 0.2071],[0.4886 0.321  0.1903],[0.4593 0.3324 0.2083],[0.4858 0.3228 0.1914],[0.4313 0.2669 0.3018],[0.5107 0.2845 0.2048],[0.4918 0.2975 0.2107],0.0113,0.007071552025630228,0.006798771753608571,0.007171548775018417,0.014972496334524217,0.01333024800130447,0.011361012592654941,0.43444328,0.15562113999999996,0.4195044200000001,0.15658160500000004,0.44165546000000006,0.16611341000000004,0.40078505000000003,0.14889106500000002,0.44623514,0.16787269,0.40523544,0.1505178,0.48573854,0.20725146499999997,0.36229777999999996,0.14067876499999998,0.39116798,0.151330865,0.36215801999999997,0.147408885
Cruzeiro,Fluminense,38,[0.689  0.1803 0.1273],[0.6599 0.1832 0.1539],[0.6621 0.1808 0.1539],[0.6666 0.1816 0.1489],[0.6597 0.1816 0.1556],[0.6636 0.1827 0.1509],[0.559  0.1865 0.2523],[0.6118 0.189  0.1959],[0.5111 0.2391 0.2494],0.0963,0.096888062767105,0.09623716386802746,0.0969778674334526,0.09160458203595775,0.09317094617627698,0.09662760510361222,0.14543438000000003,0.056907525000000014,0.17291546,0.07014730999999998,0.17055026,0.06943353,0.16630533000000003,0.06710360500000001,0.17299401,0.07049969500000001,0.16931506000000002,0.06839824500000002,0.29291854,0.12962804499999997,0.22479705,0.09519538500000001,0.35839238,0.15071170500000003,0.36215801999999997,0.147408885
Vitória,Santos,38,[0.3483 0.3112 0.3405],[0.3433 0.2977 0.359 ],[0.3405 0.2973 0.3622],[0.3421 0.296  0.3619],[0.3414 0.2981 0.3605],[0.3434 0.2971 0.3595],[0.282  0.2235 0.4942],[0.3099 0.2868 0.4033],[0.3122 0.2893 0.3985],0.1208,0.12900704562689794,0.12970545394291907,0.1285617143536382,0.11280717939012068,0.12945286379045345,0.1308101529923451,0.65309858,0.27812656999999996,0.6173611800000001,0.264367945,0.6111163799999999,0.26136454500000006,0.61182002,0.26210201,0.61437782,0.262757105,0.6164322200000001,0.26408190499999995,0.38530989000000004,0.16752716999999998,0.53434314,0.22604445,0.5429655799999998,0.22963554499999994,0.91675802,0.424708885
Grêmio,Flamengo,38,[0.5506 0.3731 0.0763],[0.5741 0.3227 0.1032],[0.5683 0.3258 0.1059],[0.5715 0.3251 0.1033],[0.5707 0.3239 0.1054],[0.5746 0.3227 0.1027],[0.5274 0.292  0.1806],[0.6554 0.2499 0.0945],[0.3788 0.325  0.2962],0.087,0.08485224034315383,0.08585894003439891,0.08457173721835834,0.10276445918858154,0.08908581545149573,0.1332769320081999,0.70198566,0.15449102499999998,0.7989763400000002,0.17012052500000002,0.78872534,0.16708985,0.79277315,0.16865191,0.7939188599999998,0.168403825,0.7994477400000001,0.170356225,0.8120311199999999,0.15538356,1.00112942,0.21925864499999997,0.6868488800000001,0.11561194000000002,0.8609580199999999,0.156308885
Goiás,Chapecoense,38,[0.5004 0.3201 0.1794],[0.4912 0.317  0.1918],[0.486  0.3194 0.1946],[0.4943 0.3153 0.1903],[0.4865 0.3192 0.1943],[0.4949 0.3151 0.1899],[0.4431 0.2537 0.3032],[0.4515 0.2934 0.2551],[0.4127 0.3124 0.2749],0.0052,0.0022310609476678656,0.0021658561917126716,0.0022883890030131393,0.006018162078205458,0.004350530531138722,0.0029743070391413497,0.38424853000000003,0.14091021,0.3961536799999999,0.14783233999999995,0.40408152,0.15103258,0.39136067,0.14599233,0.40332338,0.15071737000000004,0.39047603,0.14561301,0.4664315399999999,0.20103392499999997,0.45201182,0.18296413,0.5180850599999999,0.21024564999999995,0.36215801999999997,0.147408885
